side,horizon,n,hit_rate,mean_ret,median_ret,mean_mfe,mean_mae,mfe_mae_ratio,p25,p75,symbol,set,ltf
long,1,9761,46.80872861387153,-0.0006986478601543145,-0.0008221520652513739,0.017284318585637594,0.01820052577098788,0.9496604000962025,-0.012125395241245323,0.010724052261872237,EURUSD,A_5m_30m_1h,5min
long,2,9761,47.24925724823276,-0.0007364553714676765,-0.0008837122986298493,0.025083855621511233,0.026169292107959735,0.95852251249401,-0.017434871578398424,0.015487632669794877,EURUSD,A_5m_30m_1h,5min
long,3,9760,48.07377049180328,-0.000730947339566295,-0.0008622064810472462,0.03133599674239255,0.03241372216445283,0.9667509514460455,-0.021876725775348303,0.019562047451701838,EURUSD,A_5m_30m_1h,5min
long,5,9760,48.17622950819672,-0.0006345928547178982,-0.0009188474130249802,0.0411873758555301,0.04213424678567814,0.9775272847533164,-0.02802626100504506,0.025113366008081037,EURUSD,A_5m_30m_1h,5min
long,8,9760,47.807377049180324,-0.0007826337106642526,-0.0017259276264330633,0.05263816443987104,0.05410198775411683,0.9729432618834896,-0.03507556988474514,0.03110082443357938,EURUSD,A_5m_30m_1h,5min
long,10,9760,48.41188524590164,-0.0010227820389291146,-0.0016958134693203309,0.059196924105536584,0.060597845621143884,0.976881661365227,-0.0410252441096806,0.035339409771674934,EURUSD,A_5m_30m_1h,5min
long,15,9760,48.15573770491803,-0.0009220867159640053,-0.0022386664018369043,0.07313161449722129,0.07457592441851854,0.9806330269110468,-0.04958126903864368,0.043626373158982046,EURUSD,A_5m_30m_1h,5min
long,20,9760,48.15573770491803,-0.0014672558222284502,-0.0027728118100275555,0.08453577575642116,0.08750954065209395,0.9660178207597341,-0.05740441515470759,0.05077682991658676,EURUSD,A_5m_30m_1h,5min
short,1,10365,45.875542691751086,-0.0007225380604209894,-0.0009187883019933583,0.017649889779867426,0.018138330066259003,0.973071375115167,-0.012954206878686534,0.01102732231166296,EURUSD,A_5m_30m_1h,5min
short,2,10365,46.41582247949832,-0.0006877228392964581,-0.0016982974567918293,0.02544101031953222,0.02583969253989025,0.9845709379187635,-0.01823769183771901,0.01574701038376423,EURUSD,A_5m_30m_1h,5min
short,3,10365,46.4447660395562,-0.001222425388626392,-0.0018429952358489277,0.0314448779330676,0.03184466665338601,0.987445661634021,-0.022326028714701428,0.019841098679288006,EURUSD,A_5m_30m_1h,5min
short,5,10365,46.71490593342981,-0.001354445377453449,-0.002476902880635944,0.04109272995251568,0.04122585272266563,0.9967708910463177,-0.028132033008248965,0.025186291709378285,EURUSD,A_5m_30m_1h,5min
short,8,10365,46.84032802701399,-0.0018128851864491944,-0.0027740277032876383,0.05196625547386823,0.0527654178797811,0.9848544285627824,-0.03574802747491995,0.03064012324139634,EURUSD,A_5m_30m_1h,5min
short,10,10365,45.952725518572116,-0.00210987636278612,-0.0042736869096870345,0.05821854504913163,0.059198873840408825,0.9834400770203837,-0.039663052921832136,0.03542363875346517,EURUSD,A_5m_30m_1h,5min
short,15,10365,46.57983598649301,-0.0029058551340225844,-0.004641922127124191,0.07174871779260529,0.0729041905019917,0.9841508053044653,-0.04888030952005073,0.04220947410832448,EURUSD,A_5m_30m_1h,5min
short,20,10365,46.91751085383502,-0.002223026931023047,-0.005227345989314345,0.08324706304836071,0.08372938392456772,0.994239526751546,-0.0561678774987799,0.04944168213664016,EURUSD,A_5m_30m_1h,5min
any,1,20126,46.32813276358939,-0.0007109514438651404,-0.0008619649635052862,0.017472589748719784,0.018168494643117723,0.9616971626946788,-0.012687276782316704,0.01095525237591783,EURUSD,A_5m_30m_1h,5min
any,2,20126,46.820033787141014,-0.000711357851048583,-0.0009315280427035477,0.02526779224304495,0.025999546528955447,0.9718551135076318,-0.017817186982745443,0.015615168878189058,EURUSD,A_5m_30m_1h,5min
any,3,20125,47.23478260869565,-0.000984073798125694,-0.0009626492106125788,0.03139207393699363,0.03212064090372203,0.9773177948437518,-0.022183732498327603,0.019715533023521897,EURUSD,A_5m_30m_1h,5min
any,5,20125,47.42360248447205,-0.001005339259595115,-0.0017185969374524362,0.041138630276163914,0.041666395632230964,0.9873335490613256,-0.028109500104280125,0.025134984174268522,EURUSD,A_5m_30m_1h,5min
any,8,20125,47.309316770186335,-0.0013132452160809444,-0.0018981635267791943,0.05229211045564152,0.053413612760452735,0.9790034366362582,-0.03536372888958076,0.030917693352690442,EURUSD,A_5m_30m_1h,5min
any,10,20125,47.14534161490683,-0.0015826693764087597,-0.0028781947962426644,0.05869302850704529,0.059877331707736736,0.9802211760792536,-0.0401852173198283,0.03538391548297907,EURUSD,A_5m_30m_1h,5min
any,15,20125,47.344099378881985,-0.0019437890589790196,-0.0036516007704914147,0.07241937974724143,0.07371492953430483,0.9824248656920916,-0.04931340565964777,0.04292869067494028,EURUSD,A_5m_30m_1h,5min
any,20,20125,47.51801242236025,-0.0018565014144101145,-0.003849151743188445,0.08387204868963623,0.08556264254124626,0.9802414488216038,-0.05677052000101241,0.05003752814610818,EURUSD,A_5m_30m_1h,5min
long,1,3554,45.920090039392235,-0.0011324578831835965,-0.0017104839051496966,0.03063276157940179,0.031376792505607175,0.9762872216440727,-0.021596547556688748,0.018230891498993165,EURUSD,B_15m_1h_4h,15min
long,2,3554,46.679797411367474,-0.001550506333507134,-0.0025086361333278764,0.04391050008312014,0.04540449093316005,0.9670959673958417,-0.03075597194182207,0.0267730235943923,EURUSD,B_15m_1h_4h,15min
long,3,3554,48.73382104670794,-0.0019879902802500747,-0.0008866113522963061,0.053828281331805436,0.056549114609339,0.951885484037548,-0.035599490965880026,0.03315681498076737,EURUSD,B_15m_1h_4h,15min
long,5,3554,49.26842993809792,-0.002542165986005544,-0.000860467634557097,0.07099083176908312,0.07401153288527443,0.9591860754880769,-0.046481543355555884,0.0424067352493323,EURUSD,B_15m_1h_4h,15min
long,8,3554,47.80528981429376,-0.00410011863620257,-0.0035558208465151925,0.09067855288234329,0.0950630014276725,0.9538784965813955,-0.06368900129060236,0.054754442227008746,EURUSD,B_15m_1h_4h,15min
long,10,3554,47.55205402363534,-0.0025537860696866685,-0.005082235537917759,0.10276466194046217,0.10729142300606044,0.9578087330863104,-0.07136509068678834,0.06366810644839997,EURUSD,B_15m_1h_4h,15min
long,15,3554,47.3832301631964,-0.002651052727567386,-0.006578590341239567,0.1283055633596456,0.1321637700360511,0.970807380302839,-0.08557292558095819,0.07814592950895527,EURUSD,B_15m_1h_4h,15min
long,20,3554,46.87675858187957,-0.0021090479943900323,-0.009836137968573081,0.15046829650908003,0.153041112888021,0.9831887240598971,-0.10128530834032262,0.0926699968344892,EURUSD,B_15m_1h_4h,15min
short,1,3787,46.92368629522049,-0.0004228692524488558,-0.001852692425279157,0.030747007085250695,0.03036247527759307,1.012664705500523,-0.021533686891242555,0.01955546704960094,EURUSD,B_15m_1h_4h,15min
short,2,3787,47.16134143121204,-0.0018886454134927472,-0.0018831505108169132,0.04381407052342671,0.04400370553498395,0.995690476307581,-0.032204061415677325,0.026300628330657445,EURUSD,B_15m_1h_4h,15min
short,3,3786,46.24933967247755,-0.0032915310066783817,-0.003716448515366684,0.053627144441916685,0.054906557709998326,0.9766983522289058,-0.03605874366552275,0.03152683768480783,EURUSD,B_15m_1h_4h,15min
short,5,3786,45.16640253565768,-0.005107553788293854,-0.007294447193306157,0.06919978739956294,0.07231901348970045,0.9568685199144518,-0.050695956052556855,0.03944633391516718,EURUSD,B_15m_1h_4h,15min
short,8,3786,46.83042789223455,-0.0033708433038068227,-0.005718456755319014,0.08823474021417327,0.0909817365763641,0.9698071671792593,-0.06345305682338334,0.05344787516093718,EURUSD,B_15m_1h_4h,15min
short,10,3786,47.35868991019546,-0.003296812010831263,-0.006888429047858894,0.09991353555257013,0.10194466227559246,0.9800761837090453,-0.07019432761142874,0.05942746505094067,EURUSD,B_15m_1h_4h,15min
short,15,3785,46.94848084544254,-0.005538840895651547,-0.008286224611921434,0.12263254343843381,0.12589964463733744,0.9740499569453533,-0.08730866399167231,0.07211950201483064,EURUSD,B_15m_1h_4h,15min
short,20,3785,47.50330250990753,-0.0060173064386269915,-0.008391530148895905,0.14243303718344294,0.14570324097375834,0.9775557237542549,-0.10278812797122022,0.08468413737240144,EURUSD,B_15m_1h_4h,15min
any,1,7341,46.437815011578806,-0.000766402557670388,-0.0018042236876646147,0.030691697382514416,0.030853536907938,0.9947545875888886,-0.021547823238903602,0.01890648492433296,EURUSD,B_15m_1h_4h,15min
any,2,7341,46.92821141533851,-0.0017249420637762416,-0.002465381928748366,0.04386075498809779,0.04468186808846684,0.9816231250953228,-0.031389393689065334,0.026569599064747186,EURUSD,B_15m_1h_4h,15min
any,3,7340,47.452316076294274,-0.002660361559576719,-0.0025753950301667236,0.05372453415672113,0.05570187749477445,0.9645013161676853,-0.035730485304435664,0.03237685772770522,EURUSD,B_15m_1h_4h,15min
any,5,7340,47.15258855585831,-0.003865402800646354,-0.0038368208568899734,0.07006700425096277,0.0731385249245601,0.958004065890507,-0.048991420131738975,0.04125255408118651,EURUSD,B_15m_1h_4h,15min
any,8,7340,47.30245231607629,-0.0037239556377760977,-0.004524319730927453,0.08941802498565504,0.09295786944850988,0.9619199053952545,-0.0634798016282612,0.054059741623013725,EURUSD,B_15m_1h_4h,15min
any,10,7340,47.452316076294274,-0.0029370416845604336,-0.0058590603659811075,0.10129404007335598,0.10453354342492259,0.96900991542592,-0.07089014167063497,0.06156624704372493,EURUSD,B_15m_1h_4h,15min
any,15,7339,47.15901348957623,-0.004140394356699223,-0.007486641024928643,0.1253797723252013,0.12893312354005285,0.9724403542139605,-0.08684651514057623,0.07483866496832015,EURUSD,B_15m_1h_4h,15min
any,20,7339,47.19989099332334,-0.0041246847584501065,-0.009408142319539386,0.1463242092291323,0.1492566946845213,0.9803527375332324,-0.10216866801410784,0.08857543050166382,EURUSD,B_15m_1h_4h,15min
long,1,1661,47.3208910295003,-0.0035037984346838877,-0.0017176523128110224,0.04550062547203886,0.04792664288382012,0.9493806103285345,-0.031262517218817884,0.02563750400586531,EURUSD,C_30m_4h_1d,30min
long,2,1661,48.88621312462372,-0.004895100110422914,-0.000912608600429429,0.06404114765128864,0.07007932568183052,0.9138379547492221,-0.046855883450346386,0.040137470837621855,EURUSD,C_30m_4h_1d,30min
long,3,1661,49.42805538832029,-0.003379478710268149,-0.000922824211222051,0.08020998202438638,0.08592395827122976,0.9334996156856916,-0.053614346459606665,0.04965073277631513,EURUSD,C_30m_4h_1d,30min
long,5,1661,48.585189644792294,-0.0036973371284081415,-0.0018358898099056372,0.10722670140620613,0.11242474090713303,0.9537642741358802,-0.07796113080765633,0.06614475734842154,EURUSD,C_30m_4h_1d,30min
long,8,1661,47.56170981336545,-0.007186852458860219,-0.007486080568949609,0.13739672222765026,0.1434008594234506,0.9581303960105941,-0.10351357037660966,0.0838542460741006,EURUSD,C_30m_4h_1d,30min
long,10,1661,48.34437086092716,-0.004458031237853714,-0.006487368167412512,0.1554161734739832,0.16069718530983726,0.9671368740798302,-0.10898679227855906,0.09992391115022829,EURUSD,C_30m_4h_1d,30min
long,15,1661,48.70559903672487,-0.00209543976067702,-0.004758053004720513,0.19443319244040194,0.19864402045558163,0.9788021406054794,-0.13569453271268098,0.1283271206711493,EURUSD,C_30m_4h_1d,30min
long,20,1661,47.7423239012643,0.0019427668264639262,-0.009502336710986816,0.22611391493464258,0.2308852740881983,0.9793345020707858,-0.1572385560104177,0.15562871435289516,EURUSD,C_30m_4h_1d,30min
short,1,1975,46.53164556962025,-0.0005064827439194919,-0.0028016959599520435,0.04600267390230452,0.04544331815958383,1.0123088666359352,-0.03040677199431663,0.026534234446447542,EURUSD,C_30m_4h_1d,30min
short,2,1975,47.59493670886076,-0.0001300553147608739,-0.002854994813444793,0.06643331824593432,0.06444999906637039,1.0307729900433593,-0.04622113440939885,0.03966769251866652,EURUSD,C_30m_4h_1d,30min
short,3,1975,46.53164556962025,-0.001982137573569179,-0.006035939709586322,0.08095432414406067,0.08020953727469537,1.0092855150979692,-0.05627702918862948,0.04828051846256277,EURUSD,C_30m_4h_1d,30min
short,5,1975,47.139240506329116,0.00020160574880519438,-0.006526989099929555,0.10533944925075969,0.10367991754079536,1.0160062985130303,-0.07014998655048678,0.06273970104904578,EURUSD,C_30m_4h_1d,30min
short,8,1975,48.35443037974684,0.004141958988442251,-0.0034122705248106192,0.13586928729124137,0.12968008607722228,1.0477266895885118,-0.08344007704735654,0.08615089916059826,EURUSD,C_30m_4h_1d,30min
short,10,1975,48.81012658227848,0.005851148155352624,-0.0030025521693413893,0.154075440694776,0.14702278975051797,1.0479697804416963,-0.10142374557540666,0.09931982437989759,EURUSD,C_30m_4h_1d,30min
short,15,1975,49.0126582278481,-0.0019537632159979854,-0.003379320249735146,0.19346293405831372,0.1898604083156725,1.0189746023123023,-0.1297762336734063,0.12456385840391573,EURUSD,C_30m_4h_1d,30min
short,20,1975,48.35443037974684,-0.003815756264084755,-0.007105489879105238,0.22519355224149198,0.222748295041734,1.010977669657583,-0.15542871006955525,0.150575677565976,EURUSD,C_30m_4h_1d,30min
any,1,3636,46.89218921892189,-0.001875718542148222,-0.001947481195553964,0.045773327795959294,0.04657775225390629,0.9827294272690127,-0.030574280323683655,0.026016561052195464,EURUSD,C_30m_4h_1d,30min
any,2,3636,48.18481848184818,-0.0023068263284007663,-0.0018638181805434757,0.06534052524326477,0.0670215918904296,0.9749175362782619,-0.04643252373306685,0.03979499218885506,EURUSD,C_30m_4h_1d,30min
any,3,3636,47.85478547854785,-0.0026204719047179656,-0.004417409645339636,0.08061429326925898,0.08282000297195709,0.9733674278731316,-0.05548114106011882,0.04911953481734882,EURUSD,C_30m_4h_1d,30min
any,5,3636,47.799779977997794,-0.0015795119957083788,-0.003729564230261967,0.10620158506764543,0.10767473371557172,0.9863185299179129,-0.07275199821098377,0.06404282710264728,EURUSD,C_30m_4h_1d,30min
any,8,3636,47.99229922992299,-0.0010332763839365736,-0.005149612380088533,0.1365670511607065,0.13594801911574958,1.0045534465965984,-0.09254637880364164,0.08538701143576749,EURUSD,C_30m_4h_1d,30min
any,10,3636,48.5973597359736,0.001141701793384602,-0.0037201171198607214,0.15468791515744462,0.1532695364567967,1.0092541462148137,-0.10448191657190717,0.0996070548380113,EURUSD,C_30m_4h_1d,30min
any,15,3636,48.872387238723874,-0.0020184839917713284,-0.00424976916923996,0.1939061681542017,0.1938729440044484,1.0001713707393463,-0.13244206520541457,0.12540055688851406,EURUSD,C_30m_4h_1d,30min
any,20,3636,48.07480748074808,-0.0011851438181547875,-0.008851014201852707,0.22561399295472717,0.22646543535971453,0.9962402986414464,-0.15694945176437322,0.15332918330354156,EURUSD,C_30m_4h_1d,30min
long,1,11571,47.921527957825596,-0.0006684860136512832,0.0,0.029383127412049775,0.028963386996384257,1.0144921039696744,-0.017517135812556713,0.016113771692067774,US30,A_5m_30m_1h,5min
long,2,11571,48.189439115028954,-0.001854913539065037,0.0,0.041175408591204735,0.04246166378870766,0.9697078474384936,-0.024908849218195275,0.023145590040922086,US30,A_5m_30m_1h,5min
long,3,11571,48.47463486301962,-0.0016604322392969697,0.0,0.05107847253395107,0.052437077181629516,0.9740907632404345,-0.030584492537882257,0.02902191863020017,US30,A_5m_30m_1h,5min
long,5,11571,49.304295220810644,-0.0015354349725856427,0.0,0.06592699447107214,0.06843348519734466,0.9633733293132092,-0.038511105652400957,0.03735448097938505,US30,A_5m_30m_1h,5min
long,8,11571,49.036384063607294,-0.0016190503997347851,0.0,0.0841542458088646,0.0874581449853282,0.9622230819437361,-0.048038695025225536,0.049903929060579666,US30,A_5m_30m_1h,5min
long,10,11571,49.96110967072854,-0.0008788691594388498,0.0,0.09473143973665436,0.09849443280237365,0.9617948653679784,-0.05404461739948466,0.05633130114182615,US30,A_5m_30m_1h,5min
long,15,11571,50.81669691470054,0.0006311920265349673,0.0014294331725697492,0.11896433197189715,0.12170488319131803,0.9774819945793566,-0.06612969982362893,0.06982920004845641,US30,A_5m_30m_1h,5min
long,20,11571,50.93768905021173,0.0013878605938621265,0.0020239965025340436,0.1388838873814033,0.14166998026066785,0.9803339220197658,-0.0749110775413662,0.08281563013414023,US30,A_5m_30m_1h,5min
short,1,8188,49.084025403028825,-0.0013735550415530898,0.0,0.04002403759211671,0.04241674844232711,0.9435904226967397,-0.02365210764405585,0.023279659721145513,US30,A_5m_30m_1h,5min
short,2,8188,48.49780166096727,-0.00161458247248696,0.0,0.058266010076925834,0.059968637711668236,0.9716080321362525,-0.034539311695913774,0.034270196052895434,US30,A_5m_30m_1h,5min
short,3,8188,49.09623839765511,-0.0013304902134090293,0.0,0.0726000630755759,0.07372758430116601,0.9847069284003074,-0.04437377987884998,0.04255363726212197,US30,A_5m_30m_1h,5min
short,5,8188,48.400097703957016,-0.0010990061306489426,0.0,0.09573766835029812,0.09458318650112574,1.012205994446578,-0.05935927312510003,0.05403661077933143,US30,A_5m_30m_1h,5min
short,8,8188,47.496336101612115,-0.004029161384580223,-0.0023520231773143893,0.12173668429001225,0.12134478518728702,1.0032296328360577,-0.0753739648621752,0.06777077610081256,US30,A_5m_30m_1h,5min
short,10,8188,47.0200293111871,-0.00424993706318417,-0.0038023258679679432,0.13603103881332942,0.13560682359384654,1.0031282734027709,-0.08711794382202578,0.0761501281605388,US30,A_5m_30m_1h,5min
short,15,8188,46.66585246702491,-0.007340426772022496,-0.0057750749488792354,0.16653004998296095,0.16610801589394283,1.0025407207878974,-0.1064385551986799,0.09136071555088922,US30,A_5m_30m_1h,5min
short,20,8188,46.23839765510503,-0.006751191858250642,-0.009417972174102571,0.19294977948828027,0.19188646879349106,1.005541353183864,-0.12604508830112243,0.10692975161575051,US30,A_5m_30m_1h,5min
any,1,19759,48.403259274254765,-0.0009606619942403812,0.0,0.033792650796552436,0.03453837173849571,0.9784089143637276,-0.019677853358475918,0.01901041426965507,US30,A_5m_30m_1h,5min
any,2,19759,48.31722253150463,-0.0017553219214152924,0.0,0.04825764174901052,0.049716438953503514,0.9706576489547589,-0.028199160812418685,0.026662328548725484,US30,A_5m_30m_1h,5min
any,3,19759,48.73222329065236,-0.001523706427870761,0.0,0.0599968784935049,0.06125972368675451,0.9793853919468027,-0.03562091593009746,0.0334003819345229,US30,A_5m_30m_1h,5min
any,5,19759,48.92960170049091,-0.0013545817230397293,0.0,0.07828034219732866,0.07926974990078914,0.9875184707319149,-0.04593797071501363,0.04309421349061489,US30,A_5m_30m_1h,5min
any,8,19759,48.39819828938711,-0.0026177845838490847,0.0,0.09972816181087063,0.10150054642131376,0.9825381766607815,-0.05752098277277258,0.055608508491046885,US30,A_5m_30m_1h,5min
any,10,19759,48.74234526038767,-0.002275817587793862,0.0,0.11184572270845536,0.11387356412483836,0.98219216697073,-0.06555782068855237,0.06280299108795089,US30,A_5m_30m_1h,5min
any,15,19759,49.096614201123536,-0.002672194517449471,0.0,0.13867525353040672,0.14010525014152256,0.9897934116696456,-0.08053018512296997,0.0770984468179258,US30,A_5m_30m_1h,5min
any,20,19759,48.99033351890278,-0.0019849093579522034,0.0,0.1612884384503394,0.16247936373689423,0.9926702981894777,-0.09425855617067788,0.08998506458413644,US30,A_5m_30m_1h,5min
long,1,4374,49.65706447187929,0.0010377931516464365,0.0,0.050537273994708275,0.04865424202797281,1.0387023184053068,-0.028281328107476154,0.028833083795054837,US30,B_15m_1h_4h,15min
long,2,4374,49.10836762688614,0.0003788097265275734,0.0,0.07087181263087816,0.0702935841989346,1.0082259062264793,-0.04014018490793308,0.0394261356080289,US30,B_15m_1h_4h,15min
long,3,4374,49.72565157750343,0.0026521926181000133,0.0,0.08773774506936538,0.08674596732417326,1.0114331279687712,-0.047936421932397576,0.048634184486476405,US30,B_15m_1h_4h,15min
long,5,4374,50.0,0.0044109523971413815,0.00011860567172149587,0.11487474824700891,0.11451438722085273,1.0031468624589606,-0.0630750437876193,0.06811856846408124,US30,B_15m_1h_4h,15min
long,8,4374,50.617283950617285,0.007243987924040115,0.001347926440124258,0.14615896092376682,0.14462316026050212,1.0106193272260013,-0.07623604861617297,0.08984445343715798,US30,B_15m_1h_4h,15min
long,10,4374,51.028806584362144,0.006771577556018176,0.002074862330239612,0.16234119061465985,0.16318094701585215,0.9948538330206484,-0.09069561409448612,0.1004410255360008,US30,B_15m_1h_4h,15min
long,15,4374,51.23456790123457,0.008676405552606481,0.0034769605335750577,0.19999013691750422,0.2022831267592155,0.9886644532421099,-0.11170282574750559,0.12986373257789302,US30,B_15m_1h_4h,15min
long,20,4374,51.028806584362144,0.01335890966243768,0.004987945681438289,0.2360031901387642,0.2381650497113625,0.990922851294855,-0.12583453591549815,0.16206334879580422,US30,B_15m_1h_4h,15min
short,1,2709,48.09892949427833,0.0002006188545242082,0.0,0.0767380554739676,0.07601703470657738,1.0094849893865676,-0.04536870580095615,0.04181897032401957,US30,B_15m_1h_4h,15min
short,2,2709,48.837209302325576,-0.0029078699882754385,0.0,0.10843937810669817,0.10940088503374168,0.9912111595189841,-0.0634046484665133,0.05962543302970738,US30,B_15m_1h_4h,15min
short,3,2709,48.72646733111849,-0.005483576724915926,0.0,0.13392308991155535,0.1338168964721938,1.0007935727263233,-0.08345331224542109,0.07124329260591773,US30,B_15m_1h_4h,15min
short,5,2709,47.80361757105943,-0.009802293321889704,-0.0011918098824875456,0.17178379493355408,0.17459444524832504,0.9839018342721421,-0.11142932053323995,0.09248955879590155,US30,B_15m_1h_4h,15min
short,8,2709,46.733111849390916,-0.008334533043196342,-0.007732564613309909,0.22238226470359715,0.22268390147462164,0.9986454486874577,-0.1410165397303708,0.11962896616033963,US30,B_15m_1h_4h,15min
short,10,2709,46.99150978220746,-0.011136286188238935,-0.008871015435566858,0.24802349304788773,0.24907922840042276,0.995761447635297,-0.1665011869593819,0.13715017642225777,US30,B_15m_1h_4h,15min
short,15,2709,46.733111849390916,-0.014293127028464565,-0.011662001865920299,0.30629787859885227,0.3038375910007146,1.0080973772535338,-0.2121250689406474,0.17059613374973767,US30,B_15m_1h_4h,15min
short,20,2709,46.62236987818383,-0.017703740495312353,-0.01865737336767309,0.3565903173200137,0.3493424123904565,1.0207472802399278,-0.24285624902962455,0.1953451350554763,US30,B_15m_1h_4h,15min
any,1,7083,49.061132288578285,0.0007176032362286595,0.0,0.06055815738131191,0.059119554094376844,1.0243337979958123,-0.033741900753244534,0.032442619873522524,US30,B_15m_1h_4h,15min
any,2,7083,49.00465904277848,-0.0008782304185241505,0.0,0.08524009370866954,0.08525076024884175,0.9998748804099685,-0.0471877890400218,0.04595169560184356,US30,B_15m_1h_4h,15min
any,3,7083,49.3434985175773,-0.0004594548688730462,0.0,0.10540202562527287,0.1047489529322472,1.0062346465023673,-0.05830285014236983,0.05697098830974356,US30,B_15m_1h_4h,15min
any,5,7083,49.159960468727945,-0.001025117439489314,0.0,0.13664047004198998,0.13749291004965727,0.9938001166215813,-0.07585477555843348,0.07457756445145677,US30,B_15m_1h_4h,15min
any,8,7083,49.13172384582804,0.0012857480115392595,0.0,0.1753117111623042,0.17447866611240806,1.0047744808489047,-0.09723292444767162,0.0975062724231418,US30,B_15m_1h_4h,15min
any,10,7083,49.48468163207681,-7.755457488575267e-05,0.0,0.19511167731402657,0.19603403811719367,0.9952948946416352,-0.11415152750903737,0.11172815255479632,US30,B_15m_1h_4h,15min
any,15,7083,49.512918254976704,-0.00010863803939146815,0.0,0.24064913341824853,0.24112416073213955,0.9980299472585051,-0.14312484271509446,0.14237385786207463,US30,B_15m_1h_4h,15min
any,20,7083,49.3434985175773,0.0014785313937175286,0.0,0.2821235526312116,0.28068650608545054,1.0051197564350443,-0.16530416967932893,0.172664983256953,US30,B_15m_1h_4h,15min
long,1,2399,48.52021675698207,0.0009717701410193237,0.0,0.06681273431498333,0.06608334997917328,1.011037338997492,-0.037614741615464777,0.03871674741139458,US30,C_30m_4h_1d,30min
long,2,2399,49.270529387244686,0.0010796473643855198,0.0,0.09508762346790774,0.09660733302107244,0.9842692111909018,-0.055809543686664756,0.054680392155678006,US30,C_30m_4h_1d,30min
long,3,2399,49.68736973739058,0.0032266597817068895,0.0,0.12007357561309222,0.12040163086251078,0.9972753255328146,-0.0743785786666777,0.07285310262306544,US30,C_30m_4h_1d,30min
long,5,2399,51.43809920800333,0.004906284863928404,0.0028869610404607593,0.15800528275404674,0.15988195111472153,0.9882621625043329,-0.08719998899318751,0.09988406153740195,US30,C_30m_4h_1d,30min
long,8,2399,53.10546060858691,0.012783599584555572,0.012192767656651662,0.20446459905490744,0.20811443039089847,0.9824623822137869,-0.11482860161411362,0.14386934598265977,US30,C_30m_4h_1d,30min
long,10,2399,52.73030429345561,0.01860516607108865,0.01409134321814965,0.2366192324971618,0.23709752848426704,0.9979827036149936,-0.13333924651012063,0.16999608921258014,US30,C_30m_4h_1d,30min
long,15,2399,53.5639849937474,0.02491094313474053,0.021873882288936775,0.3085344506089828,0.30451289293120987,1.0132065267879526,-0.1751975542069452,0.22035345160495717,US30,C_30m_4h_1d,30min
long,20,2398,53.87823185988324,0.028015874493208297,0.028507785452216744,0.3704443519281983,0.36110694052490866,1.0258577456022215,-0.2113737384264806,0.28412582346880294,US30,C_30m_4h_1d,30min
short,1,1057,48.62819299905393,-0.00589576770071126,0.0,0.12111271097623458,0.125403072332607,0.9657874302713009,-0.0737993233464534,0.06800328291710635,US30,C_30m_4h_1d,30min
short,2,1057,48.15515610217597,-0.007768527940634272,0.0,0.17479281956126416,0.18022101609588242,0.9698803355335078,-0.12213436589646626,0.1037457835750797,US30,C_30m_4h_1d,30min
short,3,1057,47.11447492904446,-0.005771511601218212,-0.0023564897728215266,0.21977427342746292,0.2238323430176116,0.9818700482001862,-0.14454278145772137,0.13589119271787853,US30,C_30m_4h_1d,30min
short,5,1057,47.30368968779565,-0.003039314661255625,-0.0030950170225861177,0.2886580849512778,0.2880141964951147,1.0022356136051578,-0.18436802906005825,0.16534319590993374,US30,C_30m_4h_1d,30min
short,8,1057,47.019867549668874,-0.013327018100778066,-0.008757645187548733,0.37002764937119126,0.36390402566212227,1.0168275789143224,-0.2393340029538448,0.22888884868002662,US30,C_30m_4h_1d,30min
short,10,1057,48.62819299905393,-0.011922498995810623,0.0,0.41683799962313284,0.40836316430846137,1.0207531825967289,-0.28530990946465806,0.27528287898491277,US30,C_30m_4h_1d,30min
short,15,1057,47.39829706717124,-0.03231135278513721,-0.011087486792839496,0.5237218656780729,0.5190854270504645,1.0089319375694161,-0.37909909909909906,0.3305839617325706,US30,C_30m_4h_1d,30min
short,20,1057,46.26300851466414,-0.05386157412314856,-0.04478983677883761,0.6113164730387488,0.6120424221241092,0.9988138909018088,-0.47479651577895193,0.37354917239330593,US30,C_30m_4h_1d,30min
any,1,3456,48.55324074074074,-0.0011286313343016323,0.0,0.08342010564916807,0.08422598496979232,0.9904319394909626,-0.044849889034286834,0.04467554847297419,US30,C_30m_4h_1d,30min
any,2,3456,48.929398148148145,-0.001626521992502766,0.0,0.11946505178696959,0.12218015217908001,0.9777778931873412,-0.06840990461281354,0.06478641308626248,US30,C_30m_4h_1d,30min
any,3,3456,48.90046296296296,0.0004746148882601786,0.0,0.15056652630458234,0.1520353874446698,0.9903386891382638,-0.0873830405309589,0.08566543731195811,US30,C_30m_4h_1d,30min
any,5,3456,50.173611111111114,0.0024761637128521523,0.0005763466197226193,0.19796477694457718,0.1990705458389911,0.9944453415257711,-0.10818331266897745,0.11406484947433244,US30,C_30m_4h_1d,30min
any,8,3456,51.24421296296296,0.004797800136234492,0.002937045448519087,0.25510121484897924,0.2557618847316634,0.9974168555905923,-0.14202109809535177,0.16422117518783236,US30,C_30m_4h_1d,30min
any,10,3456,51.47569444444444,0.009268435175338496,0.0052156008114562545,0.2917382246418815,0.28947825101498853,1.0078070584541978,-0.16399331176653886,0.19456582500083192,US30,C_30m_4h_1d,30min
any,15,3456,51.67824074074075,0.007409795337486254,0.009032858379968218,0.37434842564602805,0.370138809761086,1.0113730734900759,-0.2210749912340072,0.24456283305259635,US30,C_30m_4h_1d,30min
any,20,3455,51.54848046309696,0.0029668258137613536,0.013018131323600546,0.44413518608560837,0.4378764930720447,1.0142932838656262,-0.2752782205722158,0.3033291675316092,US30,C_30m_4h_1d,30min
