side,bars_from_entry,n,hit_pct_at_H,mean_ret_at_H,median_ret_at_H,mean_mfe_in_H,mean_mae_in_H,first_close_favor_pct,first_close_adverse_pct,first_close_none_pct,first_ext_favor_pct,first_ext_adverse_pct,first_ext_none_pct,symbol,set,ltf
long,5,9760,48.17622950819672,-0.0006345928547178982,-0.0009188474130249802,0.0411873758555301,0.04213424678567814,48.34016393442623,51.63934426229508,0.020491803278688523,6.905737704918033,93.09426229508196,0.0,EURUSD,A_5m_30m_1h,5min
short,5,10365,46.71490593342981,-0.001354445377453449,-0.002476902880635944,0.04109272995251568,0.04122585272266563,47.178002894356005,52.81234925229137,0.00964785335262904,6.811384466956103,93.1886155330439,0.0,EURUSD,A_5m_30m_1h,5min
any,5,20125,47.42360248447205,-0.001005339259595115,-0.0017185969374524362,0.041138630276163914,0.041666395632230964,47.7416149068323,52.243478260869566,0.014906832298136646,6.857142857142858,93.14285714285714,0.0,EURUSD,A_5m_30m_1h,5min
long,10,9760,48.41188524590164,-0.0010227820389291146,-0.0016958134693203309,0.059196924105536584,0.060597845621143884,48.36065573770492,51.63934426229508,0.0,6.905737704918033,93.09426229508196,0.0,EURUSD,A_5m_30m_1h,5min
short,10,10365,45.952725518572116,-0.00210987636278612,-0.0042736869096870345,0.05821854504913163,0.059198873840408825,47.18765074770864,52.81234925229137,0.0,6.811384466956103,93.1886155330439,0.0,EURUSD,A_5m_30m_1h,5min
any,10,20125,47.14534161490683,-0.0015826693764087597,-0.0028781947962426644,0.05869302850704529,0.059877331707736736,47.756521739130434,52.243478260869566,0.0,6.857142857142858,93.14285714285714,0.0,EURUSD,A_5m_30m_1h,5min
long,20,9760,48.15573770491803,-0.0014672558222284502,-0.0027728118100275555,0.08453577575642116,0.08750954065209395,48.36065573770492,51.63934426229508,0.0,6.905737704918033,93.09426229508196,0.0,EURUSD,A_5m_30m_1h,5min
short,20,10365,46.91751085383502,-0.002223026931023047,-0.005227345989314345,0.08324706304836071,0.08372938392456772,47.18765074770864,52.81234925229137,0.0,6.811384466956103,93.1886155330439,0.0,EURUSD,A_5m_30m_1h,5min
any,20,20125,47.51801242236025,-0.0018565014144101145,-0.003849151743188445,0.08387204868963623,0.08556264254124626,47.756521739130434,52.243478260869566,0.0,6.857142857142858,93.14285714285714,0.0,EURUSD,A_5m_30m_1h,5min
long,5,3554,49.26842993809792,-0.002542165986005544,-0.000860467634557097,0.07099083176908312,0.07401153288527443,46.51097355092853,53.48902644907147,0.0,3.8829487900956665,96.11705120990433,0.0,EURUSD,B_15m_1h_4h,15min
short,5,3786,45.16640253565768,-0.005107553788293854,-0.007294447193306157,0.06919978739956294,0.07231901348970045,47.46434231378764,52.53565768621235,0.0,4.226096143687269,95.77390385631274,0.0,EURUSD,B_15m_1h_4h,15min
any,5,7340,47.15258855585831,-0.003865402800646354,-0.0038368208568899734,0.07006700425096277,0.0731385249245601,47.002724795640326,52.997275204359674,0.0,4.059945504087194,95.9400544959128,0.0,EURUSD,B_15m_1h_4h,15min
long,10,3554,47.55205402363534,-0.0025537860696866685,-0.005082235537917759,0.10276466194046217,0.10729142300606044,46.51097355092853,53.48902644907147,0.0,3.8829487900956665,96.11705120990433,0.0,EURUSD,B_15m_1h_4h,15min
short,10,3786,47.35868991019546,-0.003296812010831263,-0.006888429047858894,0.09991353555257013,0.10194466227559246,47.46434231378764,52.53565768621235,0.0,4.226096143687269,95.77390385631274,0.0,EURUSD,B_15m_1h_4h,15min
any,10,7340,47.452316076294274,-0.0029370416845604336,-0.0058590603659811075,0.10129404007335598,0.10453354342492259,47.002724795640326,52.997275204359674,0.0,4.059945504087194,95.9400544959128,0.0,EURUSD,B_15m_1h_4h,15min
long,20,3554,46.87675858187957,-0.0021090479943900323,-0.009836137968573081,0.15046829650908003,0.153041112888021,46.51097355092853,53.48902644907147,0.0,3.8829487900956665,96.11705120990433,0.0,EURUSD,B_15m_1h_4h,15min
short,20,3785,47.50330250990753,-0.0060173064386269915,-0.008391530148895905,0.14243303718344294,0.14570324097375834,47.476882430647294,52.523117569352706,0.0,4.227212681638045,95.77278731836195,0.0,EURUSD,B_15m_1h_4h,15min
any,20,7339,47.19989099332334,-0.0041246847584501065,-0.009408142319539386,0.1463242092291323,0.1492566946845213,47.00912930917019,52.990870690829816,0.0,4.060498705545715,95.93950129445429,0.0,EURUSD,B_15m_1h_4h,15min
long,5,1661,48.585189644792294,-0.0036973371284081415,-0.0018358898099056372,0.10722670140620613,0.11242474090713303,47.92293798916315,52.07706201083685,0.0,4.093919325707406,95.9060806742926,0.0,EURUSD,C_30m_4h_1d,30min
short,5,1975,47.139240506329116,0.00020160574880519438,-0.006526989099929555,0.10533944925075969,0.10367991754079536,46.9873417721519,53.0126582278481,0.0,2.6835443037974684,97.31645569620252,0.0,EURUSD,C_30m_4h_1d,30min
any,5,3636,47.799779977997794,-0.0015795119957083788,-0.003729564230261967,0.10620158506764543,0.10767473371557172,47.41474147414741,52.58525852585259,0.0,3.3278327832783274,96.67216721672168,0.0,EURUSD,C_30m_4h_1d,30min
long,10,1661,48.34437086092716,-0.004458031237853714,-0.006487368167412512,0.1554161734739832,0.16069718530983726,47.92293798916315,52.07706201083685,0.0,4.093919325707406,95.9060806742926,0.0,EURUSD,C_30m_4h_1d,30min
short,10,1975,48.81012658227848,0.005851148155352624,-0.0030025521693413893,0.154075440694776,0.14702278975051797,46.9873417721519,53.0126582278481,0.0,2.6835443037974684,97.31645569620252,0.0,EURUSD,C_30m_4h_1d,30min
any,10,3636,48.5973597359736,0.001141701793384602,-0.0037201171198607214,0.15468791515744462,0.1532695364567967,47.41474147414741,52.58525852585259,0.0,3.3278327832783274,96.67216721672168,0.0,EURUSD,C_30m_4h_1d,30min
long,20,1661,47.7423239012643,0.0019427668264639262,-0.009502336710986816,0.22611391493464258,0.2308852740881983,47.92293798916315,52.07706201083685,0.0,4.093919325707406,95.9060806742926,0.0,EURUSD,C_30m_4h_1d,30min
short,20,1975,48.35443037974684,-0.003815756264084755,-0.007105489879105238,0.22519355224149198,0.222748295041734,46.9873417721519,53.0126582278481,0.0,2.6835443037974684,97.31645569620252,0.0,EURUSD,C_30m_4h_1d,30min
any,20,3636,48.07480748074808,-0.0011851438181547875,-0.008851014201852707,0.22561399295472717,0.22646543535971453,47.41474147414741,52.58525852585259,0.0,3.3278327832783274,96.67216721672168,0.0,EURUSD,C_30m_4h_1d,30min
long,5,11571,49.304295220810644,-0.0015354349725856427,0.0,0.06592699447107214,0.06843348519734466,49.49442571947109,50.38458214501772,0.12099213551119178,7.717569786535304,92.28243021346469,0.0,US30,A_5m_30m_1h,5min
short,5,8188,48.400097703957016,-0.0010990061306489426,0.0,0.09573766835029812,0.09458318650112574,50.45188080117244,49.340498290180754,0.2076209086468002,7.48656570591109,92.51343429408891,0.0,US30,A_5m_30m_1h,5min
any,5,19759,48.92960170049091,-0.0013545817230397293,0.0,0.07828034219732866,0.07926974990078914,49.89118882534541,49.951920643757276,0.1568905308973126,7.6218432106888,92.3781567893112,0.0,US30,A_5m_30m_1h,5min
long,10,11571,49.96110967072854,-0.0008788691594388498,0.0,0.09473143973665436,0.09849443280237365,49.572206378014,50.41050903119869,0.017284590787313113,7.717569786535304,92.28243021346469,0.0,US30,A_5m_30m_1h,5min
short,10,8188,47.0200293111871,-0.00424993706318417,-0.0038023258679679432,0.13603103881332942,0.13560682359384654,50.59843673668784,49.36492427943332,0.03663898387884709,7.48656570591109,92.51343429408891,0.0,US30,A_5m_30m_1h,5min
any,10,19759,48.74234526038767,-0.002275817587793862,0.0,0.11184572270845536,0.11387356412483836,49.99746950756617,49.97722556809555,0.025304924338276226,7.6218432106888,92.3781567893112,0.0,US30,A_5m_30m_1h,5min
long,20,11571,50.93768905021173,0.0013878605938621265,0.0020239965025340436,0.1388838873814033,0.14166998026066785,49.589490968801314,50.41050903119869,0.0,7.717569786535304,92.28243021346469,0.0,US30,A_5m_30m_1h,5min
short,20,8188,46.23839765510503,-0.006751191858250642,-0.009417972174102571,0.19294977948828027,0.19188646879349106,50.63507572056668,49.36492427943332,0.0,7.48656570591109,92.51343429408891,0.0,US30,A_5m_30m_1h,5min
any,20,19759,48.99033351890278,-0.0019849093579522034,0.0,0.1612884384503394,0.16247936373689423,50.02277443190445,49.97722556809555,0.0,7.6218432106888,92.3781567893112,0.0,US30,A_5m_30m_1h,5min
long,5,4374,50.0,0.0044109523971413815,0.00011860567172149587,0.11487474824700891,0.11451438722085273,50.82304526748971,49.131229995427525,0.04572473708276177,5.189757658893461,94.81024234110654,0.0,US30,B_15m_1h_4h,15min
short,5,2709,47.80361757105943,-0.009802293321889704,-0.0011918098824875456,0.17178379493355408,0.17459444524832504,49.90771502399409,49.83388704318937,0.2583979328165375,6.9398301956441495,93.06016980435585,0.0,US30,B_15m_1h_4h,15min
any,5,7083,49.159960468727945,-0.001025117439489314,0.0,0.13664047004198998,0.13749291004965727,50.47296343357335,49.399971763377096,0.12706480304955528,5.859099251729493,94.14090074827051,0.0,US30,B_15m_1h_4h,15min
long,10,4374,51.028806584362144,0.006771577556018176,0.002074862330239612,0.16234119061465985,0.16318094701585215,50.84590763603109,49.15409236396891,0.0,5.189757658893461,94.81024234110654,0.0,US30,B_15m_1h_4h,15min
short,10,2709,46.99150978220746,-0.011136286188238935,-0.008871015435566858,0.24802349304788773,0.24907922840042276,50.09228497600591,49.83388704318937,0.07382798080472498,6.9398301956441495,93.06016980435585,0.0,US30,B_15m_1h_4h,15min
any,10,7083,49.48468163207681,-7.755457488575267e-05,0.0,0.19511167731402657,0.19603403811719367,50.557673302273045,49.41409007482705,0.028236622899901174,5.859099251729493,94.14090074827051,0.0,US30,B_15m_1h_4h,15min
long,20,4374,51.028806584362144,0.01335890966243768,0.004987945681438289,0.2360031901387642,0.2381650497113625,50.84590763603109,49.15409236396891,0.0,5.189757658893461,94.81024234110654,0.0,US30,B_15m_1h_4h,15min
short,20,2709,46.62236987818383,-0.017703740495312353,-0.01865737336767309,0.3565903173200137,0.3493424123904565,50.129198966408275,49.83388704318937,0.03691399040236249,6.9398301956441495,93.06016980435585,0.0,US30,B_15m_1h_4h,15min
any,20,7083,49.3434985175773,0.0014785313937175286,0.0,0.2821235526312116,0.28068650608545054,50.57179161372299,49.41409007482705,0.014118311449950587,5.859099251729493,94.14090074827051,0.0,US30,B_15m_1h_4h,15min
long,5,2399,51.43809920800333,0.004906284863928404,0.0028869610404607593,0.15800528275404674,0.15988195111472153,49.187161317215505,50.81283868278449,0.0,4.751979991663193,95.24802000833681,0.0,US30,C_30m_4h_1d,30min
short,5,1057,47.30368968779565,-0.003039314661255625,-0.0030950170225861177,0.2886580849512778,0.2880141964951147,50.14191106906338,49.57426679280984,0.28382213812677387,6.811731315042574,93.18826868495744,0.0,US30,C_30m_4h_1d,30min
any,5,3456,50.173611111111114,0.0024761637128521523,0.0005763466197226193,0.19796477694457718,0.1990705458389911,49.47916666666667,50.43402777777778,0.08680555555555555,5.381944444444445,94.61805555555556,0.0,US30,C_30m_4h_1d,30min
long,10,2399,52.73030429345561,0.01860516607108865,0.01409134321814965,0.2366192324971618,0.23709752848426704,49.187161317215505,50.81283868278449,0.0,4.751979991663193,95.24802000833681,0.0,US30,C_30m_4h_1d,30min
short,10,1057,48.62819299905393,-0.011922498995810623,0.0,0.41683799962313284,0.40836316430846137,50.42573320719016,49.57426679280984,0.0,6.811731315042574,93.18826868495744,0.0,US30,C_30m_4h_1d,30min
any,10,3456,51.47569444444444,0.009268435175338496,0.0052156008114562545,0.2917382246418815,0.28947825101498853,49.56597222222222,50.43402777777778,0.0,5.381944444444445,94.61805555555556,0.0,US30,C_30m_4h_1d,30min
long,20,2399,53.85577323884952,0.027667260122455066,0.02793735049152276,0.370315343274073,0.3613712144964257,49.187161317215505,50.81283868278449,0.0,4.751979991663193,95.24802000833681,0.0,US30,C_30m_4h_1d,30min
short,20,1057,46.26300851466414,-0.05386157412314856,-0.04478983677883761,0.6113164730387488,0.6120424221241092,50.42573320719016,49.57426679280984,0.0,6.811731315042574,93.18826868495744,0.0,US30,C_30m_4h_1d,30min
any,20,3456,51.53356481481482,0.002732081361574564,0.012875788921562582,0.4440243114920308,0.43803772678301756,49.56597222222222,50.43402777777778,0.0,5.381944444444445,94.61805555555556,0.0,US30,C_30m_4h_1d,30min
