side,horizon_m1,n,hit_pct,mean_ret,median_ret,mean_mfe,mean_mae,first_close_favor_pct,first_close_adverse_pct,symbol,panel,min_agree,n_agents
long,5,690,46.95652173913044,0.0019180571270844833,-0.0008582661648682519,0.020904015141250353,0.018065886565124038,50.57971014492754,49.42028985507246,EURUSD,abc_only,2,3
short,5,839,44.69606674612634,-0.002149494997275198,-0.0017231278216330967,0.018314969753273076,0.020414886443055155,49.582836710369484,50.417163289630516,EURUSD,abc_only,2,3
any,5,1529,45.71615434924787,-0.0003139090157132752,-0.000924120468329788,0.01948334209971148,0.019354840716585258,50.0327011118378,49.9672988881622,EURUSD,abc_only,2,3
long,10,690,45.21739130434783,0.000989862485186615,-0.0022331012551501405,0.028379152555085937,0.026089265125169896,50.57971014492754,49.42028985507246,EURUSD,abc_only,2,3
short,10,839,47.794994040524436,-0.0005656151204982813,-0.0009197685862297318,0.02603051762471304,0.028095253965839208,49.582836710369484,50.417163289630516,EURUSD,abc_only,2,3
any,10,1529,46.63178548070634,0.0001363335700985654,-0.0017307475964163988,0.027090398659348296,0.027190000662986477,50.0327011118378,49.9672988881622,EURUSD,abc_only,2,3
long,20,690,47.391304347826086,0.000736437071404057,-0.000937646013201127,0.03940376625702983,0.03776916933750452,50.57971014492754,49.42028985507246,EURUSD,abc_only,2,3
short,20,839,48.152562574493444,-0.0002816065301006703,-0.0008986583031592792,0.03819867387050025,0.03775453002469526,49.582836710369484,50.417163289630516,EURUSD,abc_only,2,3
any,20,1529,47.80902550686723,0.0001778114457255313,-0.0009059283954255611,0.038742502351013924,0.037761136385609836,50.0327011118378,49.9672988881622,EURUSD,abc_only,2,3
long,30,690,47.53623188405797,-0.002054984721180208,-0.0018754582616885849,0.04637822056132302,0.04564358482731426,50.57971014492754,49.42028985507246,EURUSD,abc_only,2,3
short,30,839,46.12634088200238,-0.0020209495031212553,-0.0036570091150988767,0.04618498117377513,0.045829044364904765,49.582836710369484,50.417163289630516,EURUSD,abc_only,2,3
any,30,1529,46.76258992805755,-0.0020363087578372002,-0.0027941806530907823,0.046272185344741805,0.04574535104839892,50.0327011118378,49.9672988881622,EURUSD,abc_only,2,3
long,60,690,49.275362318840585,0.0018265381809565377,0.0,0.06556102735210673,0.064739108354248,50.57971014492754,49.42028985507246,EURUSD,abc_only,2,3
short,60,839,46.96066746126341,-0.0029936955253442536,-0.005034824200717378,0.06556846127558083,0.0655973584412563,49.582836710369484,50.417163289630516,EURUSD,abc_only,2,3
any,60,1529,48.005232177894044,-0.000818442904449848,-0.0025326500806205406,0.06556510652921253,0.06521005133855144,50.0327011118378,49.9672988881622,EURUSD,abc_only,2,3
long,5,2,0.0,-0.006772458237963555,-0.006772458237963555,0.006376249744954028,0.009284458371522895,50.0,50.0,EURUSD,abc_only,3,3
short,5,1,100.0,0.04260797880715304,0.04260797880715304,0.09725734292939074,0.0,100.0,0.0,EURUSD,abc_only,3,3
any,5,3,33.33333333333333,0.009687687443741974,-0.0024927502513501973,0.0366699474730996,0.006189638914348597,66.66666666666667,33.333333333333336,EURUSD,abc_only,3,3
long,10,2,50.0,-0.0005405826095788366,-0.0005405826095788366,0.012192666998110639,0.010559708320511813,50.0,50.0,EURUSD,abc_only,3,3
short,10,1,100.0,0.052796843304522875,0.052796843304522875,0.09725734292939074,0.0,100.0,0.0,EURUSD,abc_only,3,3
any,10,3,66.66666666666666,0.017238559361788402,0.00997100100541924,0.040547558975204005,0.007039805547007875,66.66666666666667,33.333333333333336,EURUSD,abc_only,3,3
long,20,2,50.0,0.0031792928852373186,0.0031792928852373186,0.01676270912559215,0.013110208218499087,50.0,50.0,EURUSD,abc_only,3,3
short,20,1,100.0,0.030566593492088946,0.030566593492088946,0.09725734292939074,0.0,100.0,0.0,EURUSD,abc_only,3,3
any,20,3,66.66666666666666,0.012308393087521192,0.019111085260363814,0.04359425372685835,0.008740138812332725,66.66666666666667,33.333333333333336,EURUSD,abc_only,3,3
long,30,2,50.0,-0.007061206471101958,-0.007061206471101958,0.01800908425126725,0.021186791228765378,50.0,50.0,EURUSD,abc_only,3,3
short,30,1,100.0,0.02130398940357652,0.02130398940357652,0.09725734292939074,0.0,100.0,0.0,EURUSD,abc_only,3,3
any,30,3,66.66666666666666,0.002393858820457534,0.02130398940357652,0.04442517047730841,0.014124527485843585,66.66666666666667,33.333333333333336,EURUSD,abc_only,3,3
long,60,2,100.0,0.03037500018925158,0.03037500018925158,0.04306012509141788,0.021611874545098164,50.0,50.0,EURUSD,abc_only,3,3
short,60,1,100.0,0.01667268735933059,0.01667268735933059,0.09725734292939074,0.0,100.0,0.0,EURUSD,abc_only,3,3
any,60,3,100.0,0.02580756257927792,0.01994200201082003,0.06112586437074217,0.014407916363398776,66.66666666666667,33.333333333333336,EURUSD,abc_only,3,3
long,5,690,46.95652173913044,0.0019180571270844833,-0.0008582661648682519,0.020904015141250353,0.018065886565124038,50.57971014492754,49.42028985507246,EURUSD,abc_only_longOnly,2,3
any,5,690,46.95652173913044,0.0019180571270844833,-0.0008582661648682519,0.020904015141250353,0.018065886565124038,50.57971014492754,49.42028985507246,EURUSD,abc_only_longOnly,2,3
long,10,690,45.21739130434783,0.000989862485186615,-0.0022331012551501405,0.028379152555085937,0.026089265125169896,50.57971014492754,49.42028985507246,EURUSD,abc_only_longOnly,2,3
any,10,690,45.21739130434783,0.000989862485186615,-0.0022331012551501405,0.028379152555085937,0.026089265125169896,50.57971014492754,49.42028985507246,EURUSD,abc_only_longOnly,2,3
long,20,690,47.391304347826086,0.000736437071404057,-0.000937646013201127,0.03940376625702983,0.03776916933750452,50.57971014492754,49.42028985507246,EURUSD,abc_only_longOnly,2,3
any,20,690,47.391304347826086,0.000736437071404057,-0.000937646013201127,0.03940376625702983,0.03776916933750452,50.57971014492754,49.42028985507246,EURUSD,abc_only_longOnly,2,3
long,30,690,47.53623188405797,-0.002054984721180208,-0.0018754582616885849,0.04637822056132302,0.04564358482731426,50.57971014492754,49.42028985507246,EURUSD,abc_only_longOnly,2,3
any,30,690,47.53623188405797,-0.002054984721180208,-0.0018754582616885849,0.04637822056132302,0.04564358482731426,50.57971014492754,49.42028985507246,EURUSD,abc_only_longOnly,2,3
long,60,690,49.275362318840585,0.0018265381809565377,0.0,0.06556102735210673,0.064739108354248,50.57971014492754,49.42028985507246,EURUSD,abc_only_longOnly,2,3
any,60,690,49.275362318840585,0.0018265381809565377,0.0,0.06556102735210673,0.064739108354248,50.57971014492754,49.42028985507246,EURUSD,abc_only_longOnly,2,3
long,5,2,0.0,-0.006772458237963555,-0.006772458237963555,0.006376249744954028,0.009284458371522895,50.0,50.0,EURUSD,abc_only_longOnly,3,3
any,5,2,0.0,-0.006772458237963555,-0.006772458237963555,0.006376249744954028,0.009284458371522895,50.0,50.0,EURUSD,abc_only_longOnly,3,3
long,10,2,50.0,-0.0005405826095788366,-0.0005405826095788366,0.012192666998110639,0.010559708320511813,50.0,50.0,EURUSD,abc_only_longOnly,3,3
any,10,2,50.0,-0.0005405826095788366,-0.0005405826095788366,0.012192666998110639,0.010559708320511813,50.0,50.0,EURUSD,abc_only_longOnly,3,3
long,20,2,50.0,0.0031792928852373186,0.0031792928852373186,0.01676270912559215,0.013110208218499087,50.0,50.0,EURUSD,abc_only_longOnly,3,3
any,20,2,50.0,0.0031792928852373186,0.0031792928852373186,0.01676270912559215,0.013110208218499087,50.0,50.0,EURUSD,abc_only_longOnly,3,3
long,30,2,50.0,-0.007061206471101958,-0.007061206471101958,0.01800908425126725,0.021186791228765378,50.0,50.0,EURUSD,abc_only_longOnly,3,3
any,30,2,50.0,-0.007061206471101958,-0.007061206471101958,0.01800908425126725,0.021186791228765378,50.0,50.0,EURUSD,abc_only_longOnly,3,3
long,60,2,100.0,0.03037500018925158,0.03037500018925158,0.04306012509141788,0.021611874545098164,50.0,50.0,EURUSD,abc_only_longOnly,3,3
any,60,2,100.0,0.03037500018925158,0.03037500018925158,0.04306012509141788,0.021611874545098164,50.0,50.0,EURUSD,abc_only_longOnly,3,3
long,5,3600,54.333333333333336,0.0040919435216735045,0.0025618255027373667,0.021381998955432965,0.017078319311852996,53.361111111111114,46.638888888888886,EURUSD,abc_plus_research,2,10
short,5,2715,56.86924493554327,0.004887995742816445,0.0033974892554436277,0.02147874367283999,0.015527130469022344,55.50644567219153,44.41988950276243,EURUSD,abc_plus_research,2,10
any,5,6315,55.423594615993665,0.004434189250953486,0.0027460456941980167,0.02142359228999513,0.01641141864545787,54.28345209817894,45.684877276326205,EURUSD,abc_plus_research,2,10
long,10,3600,55.02777777777778,0.005428728047784824,0.003533054336212111,0.030719645647380563,0.024266897845203278,53.361111111111114,46.638888888888886,EURUSD,abc_plus_research,2,10
short,10,2715,60.294659300184165,0.008819325146785562,0.006455837460459333,0.03113966520516587,0.02086915175249201,55.58011049723757,44.41988950276243,EURUSD,abc_plus_research,2,10
any,10,6315,57.29216152019002,0.006886443190110557,0.00465259102795328,0.03090022412709349,0.0228061091450115,54.315122723673795,45.684877276326205,EURUSD,abc_plus_research,2,10
long,20,3600,55.69444444444444,0.007890911897413144,0.005125532905069063,0.04422831138101292,0.03447613616834241,53.361111111111114,46.638888888888886,EURUSD,abc_plus_research,2,10
short,20,2715,60.331491712707184,0.01234496828239646,0.009084077264192423,0.04520239089515901,0.02836270030037937,55.58011049723757,44.41988950276243,EURUSD,abc_plus_research,2,10
any,20,6315,57.688044338875685,0.009805838751764641,0.0067150791899709805,0.044647096160253884,0.03184779438187849,54.315122723673795,45.684877276326205,EURUSD,abc_plus_research,2,10
long,30,3600,55.611111111111114,0.008138893429099445,0.0055173958325008205,0.05341582219739955,0.041923824225459046,53.361111111111114,46.638888888888886,EURUSD,abc_plus_research,2,10
short,30,2715,57.53222836095764,0.011742249703416993,0.008599931200549448,0.05509872125846533,0.035543301748715915,55.58011049723757,44.41988950276243,EURUSD,abc_plus_research,2,10
any,30,6315,56.43705463182898,0.009688079855825042,0.006645787816616132,0.05413934887210954,0.0391806542295196,54.315122723673795,45.684877276326205,EURUSD,abc_plus_research,2,10
long,60,3600,54.05555555555556,0.010382852791207323,0.006552328093209945,0.07377788672478065,0.060173568537058,53.361111111111114,46.638888888888886,EURUSD,abc_plus_research,2,10
short,60,2715,54.7329650092081,0.012026416433648799,0.007683114222291572,0.0755966474608185,0.05376537057208191,55.58011049723757,44.41988950276243,EURUSD,abc_plus_research,2,10
any,60,6315,54.34679334916864,0.011089468038907816,0.007012903742877241,0.07455982423837411,0.05741850005330343,54.315122723673795,45.684877276326205,EURUSD,abc_plus_research,2,10
long,5,1553,56.53573728267869,0.0065110720524806705,0.0036434186196945,0.024663520601131257,0.017510386300113458,54.47520927237605,45.52479072762395,EURUSD,abc_plus_research,3,10
short,5,948,63.50210970464135,0.009379339820784717,0.0064400531227994575,0.024062964732446766,0.012931852676346828,59.177215189873415,40.71729957805907,EURUSD,abc_plus_research,3,10
any,5,2501,59.17632946821272,0.007598284305320429,0.004603966777765001,0.024435880871617903,0.01577490054428348,56.25749700119952,43.702518992403036,EURUSD,abc_plus_research,3,10
long,10,1553,59.36896329684481,0.008686282072582267,0.005515821213843699,0.03617803744165195,0.02506920724654669,54.47520927237605,45.52479072762395,EURUSD,abc_plus_research,3,10
short,10,948,68.45991561181435,0.013876063395454405,0.011008211738137604,0.03440876150239606,0.01665446918981046,59.28270042194093,40.71729957805907,EURUSD,abc_plus_research,3,10
any,10,2501,62.81487405037984,0.01065346027893284,0.007811279487587878,0.03550739626195799,0.021879614412565904,56.297481007596964,43.702518992403036,EURUSD,abc_plus_research,3,10
long,20,1553,59.30457179652285,0.011567635301877512,0.00807689201195067,0.05034617626707791,0.03431945095117672,54.47520927237605,45.52479072762395,EURUSD,abc_plus_research,3,10
short,20,948,68.88185654008439,0.019841715148376005,0.015339171729431167,0.049372311787134894,0.02294026572744679,59.28270042194093,40.71729957805907,EURUSD,abc_plus_research,3,10
any,20,2501,62.93482606957217,0.014703911869042874,0.010966854790403453,0.04997703451298516,0.03000618921903119,56.297481007596964,43.702518992403036,EURUSD,abc_plus_research,3,10
long,30,1553,59.755312298776566,0.013331556060908762,0.00988126019004117,0.06088605027747973,0.04183571531504935,54.47520927237605,45.52479072762395,EURUSD,abc_plus_research,3,10
short,30,948,65.18987341772153,0.01927335147835962,0.013986711769545886,0.06031655299067928,0.029667522071651093,59.28270042194093,40.71729957805907,EURUSD,abc_plus_research,3,10
any,30,2501,61.81527389044382,0.015583783992033676,0.011903998827930948,0.060670183253134724,0.03722338137073046,56.297481007596964,43.702518992403036,EURUSD,abc_plus_research,3,10
long,60,1553,55.505473277527365,0.011286346395707967,0.008198363970916165,0.0811879228354281,0.06188879587112177,54.47520927237605,45.52479072762395,EURUSD,abc_plus_research,3,10
short,60,948,59.38818565400844,0.02130646517345426,0.015322629009837474,0.08363478351942204,0.04816584783938386,59.28270042194093,40.71729957805907,EURUSD,abc_plus_research,3,10
any,60,2501,56.97720911635346,0.015084456192310717,0.010164495417498007,0.08211540141536662,0.05668713464197841,56.297481007596964,43.702518992403036,EURUSD,abc_plus_research,3,10
long,5,186,63.44086021505376,0.0079829089114288,0.005482716795856758,0.02405398811699612,0.01530811123770204,58.60215053763441,41.39784946236559,EURUSD,abc_plus_research,4,10
short,5,99,59.59595959595959,0.0057547081967328955,0.005459657679458855,0.021457599569825053,0.013238698483569459,59.5959595959596,39.39393939393939,EURUSD,abc_plus_research,4,10
any,5,285,62.10526315789474,0.0072089023473765395,0.005459657679458855,0.023152084726926172,0.014589262596792829,58.94736842105263,40.70175438596491,EURUSD,abc_plus_research,4,10
long,10,186,61.29032258064516,0.01043845492142118,0.008527173310913919,0.035052779169034105,0.02201620791295427,58.60215053763441,41.39784946236559,EURUSD,abc_plus_research,4,10
short,10,99,61.61616161616161,0.008008258820118047,0.005303445471736966,0.030462199351587796,0.017883951834922286,60.60606060606061,39.39393939393939,EURUSD,abc_plus_research,4,10
any,10,285,61.40350877192983,0.00959428153886325,0.007612160426288597,0.033458156706131705,0.02058079264374316,59.29824561403509,40.70175438596491,EURUSD,abc_plus_research,4,10
long,20,186,61.29032258064516,0.017491306897851132,0.010103535291996634,0.05323944396928676,0.029657891454684865,58.60215053763441,41.39784946236559,EURUSD,abc_plus_research,4,10
short,20,99,64.64646464646465,0.017871445322708755,0.008486803021300941,0.04354907893508915,0.024191864457706803,60.60606060606061,39.39393939393939,EURUSD,abc_plus_research,4,10
any,20,285,62.4561403508772,0.017623354982275363,0.009939122872416451,0.049873317167933896,0.02775916628731354,59.29824561403509,40.70175438596491,EURUSD,abc_plus_research,4,10
long,30,186,60.752688172043015,0.019154886641453733,0.01430845906823629,0.06334018139322772,0.035316670775965904,58.60215053763441,41.39784946236559,EURUSD,abc_plus_research,4,10
short,30,99,59.59595959595959,0.016864437124164113,0.009726852302173909,0.05543530974235435,0.029808352558290233,60.60606060606061,39.39393939393939,EURUSD,abc_plus_research,4,10
any,30,285,60.35087719298245,0.018359256809132078,0.011903998827930948,0.060594278609240146,0.03340325497403646,59.29824561403509,40.70175438596491,EURUSD,abc_plus_research,4,10
long,60,186,55.376344086021504,0.011795981186424187,0.007078348508739327,0.08548105534223306,0.05945538236394123,58.60215053763441,41.39784946236559,EURUSD,abc_plus_research,4,10
short,60,99,50.505050505050505,0.029859061225644364,0.0009263290506114245,0.08694734584550258,0.045697001293670686,60.60606060606061,39.39393939393939,EURUSD,abc_plus_research,4,10
any,60,285,53.68421052631579,0.018070524778995404,0.0049625821307226975,0.08599039835915827,0.054676155255320935,59.29824561403509,40.70175438596491,EURUSD,abc_plus_research,4,10
long,5,3600,54.333333333333336,0.0040919435216735045,0.0025618255027373667,0.021381998955432965,0.017078319311852996,53.361111111111114,46.638888888888886,EURUSD,abc_plus_research_longOnly,2,10
any,5,3600,54.333333333333336,0.0040919435216735045,0.0025618255027373667,0.021381998955432965,0.017078319311852996,53.361111111111114,46.638888888888886,EURUSD,abc_plus_research_longOnly,2,10
long,10,3600,55.02777777777778,0.005428728047784824,0.003533054336212111,0.030719645647380563,0.024266897845203278,53.361111111111114,46.638888888888886,EURUSD,abc_plus_research_longOnly,2,10
any,10,3600,55.02777777777778,0.005428728047784824,0.003533054336212111,0.030719645647380563,0.024266897845203278,53.361111111111114,46.638888888888886,EURUSD,abc_plus_research_longOnly,2,10
long,20,3600,55.69444444444444,0.007890911897413144,0.005125532905069063,0.04422831138101292,0.03447613616834241,53.361111111111114,46.638888888888886,EURUSD,abc_plus_research_longOnly,2,10
any,20,3600,55.69444444444444,0.007890911897413144,0.005125532905069063,0.04422831138101292,0.03447613616834241,53.361111111111114,46.638888888888886,EURUSD,abc_plus_research_longOnly,2,10
long,30,3600,55.611111111111114,0.008138893429099445,0.0055173958325008205,0.05341582219739955,0.041923824225459046,53.361111111111114,46.638888888888886,EURUSD,abc_plus_research_longOnly,2,10
any,30,3600,55.611111111111114,0.008138893429099445,0.0055173958325008205,0.05341582219739955,0.041923824225459046,53.361111111111114,46.638888888888886,EURUSD,abc_plus_research_longOnly,2,10
long,60,3600,54.05555555555556,0.010382852791207323,0.006552328093209945,0.07377788672478065,0.060173568537058,53.361111111111114,46.638888888888886,EURUSD,abc_plus_research_longOnly,2,10
any,60,3600,54.05555555555556,0.010382852791207323,0.006552328093209945,0.07377788672478065,0.060173568537058,53.361111111111114,46.638888888888886,EURUSD,abc_plus_research_longOnly,2,10
long,5,1553,56.53573728267869,0.0065110720524806705,0.0036434186196945,0.024663520601131257,0.017510386300113458,54.47520927237605,45.52479072762395,EURUSD,abc_plus_research_longOnly,3,10
any,5,1553,56.53573728267869,0.0065110720524806705,0.0036434186196945,0.024663520601131257,0.017510386300113458,54.47520927237605,45.52479072762395,EURUSD,abc_plus_research_longOnly,3,10
long,10,1553,59.36896329684481,0.008686282072582267,0.005515821213843699,0.03617803744165195,0.02506920724654669,54.47520927237605,45.52479072762395,EURUSD,abc_plus_research_longOnly,3,10
any,10,1553,59.36896329684481,0.008686282072582267,0.005515821213843699,0.03617803744165195,0.02506920724654669,54.47520927237605,45.52479072762395,EURUSD,abc_plus_research_longOnly,3,10
long,20,1553,59.30457179652285,0.011567635301877512,0.00807689201195067,0.05034617626707791,0.03431945095117672,54.47520927237605,45.52479072762395,EURUSD,abc_plus_research_longOnly,3,10
any,20,1553,59.30457179652285,0.011567635301877512,0.00807689201195067,0.05034617626707791,0.03431945095117672,54.47520927237605,45.52479072762395,EURUSD,abc_plus_research_longOnly,3,10
long,30,1553,59.755312298776566,0.013331556060908762,0.00988126019004117,0.06088605027747973,0.04183571531504935,54.47520927237605,45.52479072762395,EURUSD,abc_plus_research_longOnly,3,10
any,30,1553,59.755312298776566,0.013331556060908762,0.00988126019004117,0.06088605027747973,0.04183571531504935,54.47520927237605,45.52479072762395,EURUSD,abc_plus_research_longOnly,3,10
long,60,1553,55.505473277527365,0.011286346395707967,0.008198363970916165,0.0811879228354281,0.06188879587112177,54.47520927237605,45.52479072762395,EURUSD,abc_plus_research_longOnly,3,10
any,60,1553,55.505473277527365,0.011286346395707967,0.008198363970916165,0.0811879228354281,0.06188879587112177,54.47520927237605,45.52479072762395,EURUSD,abc_plus_research_longOnly,3,10
long,5,186,63.44086021505376,0.0079829089114288,0.005482716795856758,0.02405398811699612,0.01530811123770204,58.60215053763441,41.39784946236559,EURUSD,abc_plus_research_longOnly,4,10
any,5,186,63.44086021505376,0.0079829089114288,0.005482716795856758,0.02405398811699612,0.01530811123770204,58.60215053763441,41.39784946236559,EURUSD,abc_plus_research_longOnly,4,10
long,10,186,61.29032258064516,0.01043845492142118,0.008527173310913919,0.035052779169034105,0.02201620791295427,58.60215053763441,41.39784946236559,EURUSD,abc_plus_research_longOnly,4,10
any,10,186,61.29032258064516,0.01043845492142118,0.008527173310913919,0.035052779169034105,0.02201620791295427,58.60215053763441,41.39784946236559,EURUSD,abc_plus_research_longOnly,4,10
long,20,186,61.29032258064516,0.017491306897851132,0.010103535291996634,0.05323944396928676,0.029657891454684865,58.60215053763441,41.39784946236559,EURUSD,abc_plus_research_longOnly,4,10
any,20,186,61.29032258064516,0.017491306897851132,0.010103535291996634,0.05323944396928676,0.029657891454684865,58.60215053763441,41.39784946236559,EURUSD,abc_plus_research_longOnly,4,10
long,30,186,60.752688172043015,0.019154886641453733,0.01430845906823629,0.06334018139322772,0.035316670775965904,58.60215053763441,41.39784946236559,EURUSD,abc_plus_research_longOnly,4,10
any,30,186,60.752688172043015,0.019154886641453733,0.01430845906823629,0.06334018139322772,0.035316670775965904,58.60215053763441,41.39784946236559,EURUSD,abc_plus_research_longOnly,4,10
long,60,186,55.376344086021504,0.011795981186424187,0.007078348508739327,0.08548105534223306,0.05945538236394123,58.60215053763441,41.39784946236559,EURUSD,abc_plus_research_longOnly,4,10
any,60,186,55.376344086021504,0.011795981186424187,0.007078348508739327,0.08548105534223306,0.05945538236394123,58.60215053763441,41.39784946236559,EURUSD,abc_plus_research_longOnly,4,10
long,5,1970,47.868020304568525,0.00015155073925510537,0.0,0.020166040484314963,0.020008022148701027,49.34010152284264,50.65989847715736,EURUSD,abc_plus_dvmr_mv,2,7
short,5,995,46.63316582914573,-0.0008845317297853775,-0.0008589220528293332,0.018989738078148032,0.019627971252962843,51.05527638190955,48.84422110552764,EURUSD,abc_plus_dvmr_mv,2,7
any,5,2965,47.45362563237774,-0.00019613966772475313,-0.0008279310830220737,0.01977129482018812,0.019880483989760216,49.915682967959526,50.05059021922428,EURUSD,abc_plus_dvmr_mv,2,7
long,10,1970,47.56345177664974,-0.0002942765193994591,-0.0008817414522612826,0.027948804515967957,0.028395893981167288,49.34010152284264,50.65989847715736,EURUSD,abc_plus_dvmr_mv,2,7
short,10,995,48.94472361809045,0.0009741489516622609,0.0,0.026886645985865095,0.026908462864319492,51.15577889447236,48.84422110552764,EURUSD,abc_plus_dvmr_mv,2,7
any,10,2965,48.026981450252954,0.00013138396751670025,-0.000849834282320516,0.027592363457805275,0.027896739188161032,49.94940978077572,50.05059021922428,EURUSD,abc_plus_dvmr_mv,2,7
long,20,1970,48.02030456852792,0.00037566398389993265,-0.0008912340461109953,0.04013204935671954,0.04037693000307922,49.34010152284264,50.65989847715736,EURUSD,abc_plus_dvmr_mv,2,7
short,20,995,48.54271356783919,0.00039002572360420624,0.0,0.03916537642308758,0.03670676348251181,51.15577889447236,48.84422110552764,EURUSD,abc_plus_dvmr_mv,2,7
any,20,2965,48.195615514333895,0.0003804835221818055,-0.0008719460091088286,0.03980765152570308,0.03914528896160718,49.94940978077572,50.05059021922428,EURUSD,abc_plus_dvmr_mv,2,7
long,30,1970,48.223350253807105,-0.0007189975153098061,-0.0017659035481312254,0.04835180149842571,0.049080531294812525,49.34010152284264,50.65989847715736,EURUSD,abc_plus_dvmr_mv,2,7
short,30,995,47.23618090452261,-0.0014022084220096248,-0.002579092159557642,0.04708957012677701,0.04482640308317887,51.15577889447236,48.84422110552764,EURUSD,abc_plus_dvmr_mv,2,7
any,30,2965,47.89207419898819,-0.0009482706526340286,-0.001822971260870015,0.047928219638462645,0.04765292334520865,49.94940978077572,50.05059021922428,EURUSD,abc_plus_dvmr_mv,2,7
long,60,1970,49.54314720812183,0.001210327484127556,0.0,0.06859739748549915,0.06881826608902147,49.34010152284264,50.65989847715736,EURUSD,abc_plus_dvmr_mv,2,7
short,60,995,47.93969849246231,-0.001960246623428537,-0.002755757236156866,0.06608388294904255,0.06433738929305907,51.15577889447236,48.84422110552764,EURUSD,abc_plus_dvmr_mv,2,7
any,60,2965,49.00505902192243,0.00014634055764583146,-0.0008522751485145281,0.06775390778439484,0.06731456544417067,49.94940978077572,50.05059021922428,EURUSD,abc_plus_dvmr_mv,2,7
long,5,696,46.695402298850574,0.0002956679255705153,-0.0008601843662998715,0.022254570518466018,0.021684718229582543,49.42528735632184,50.57471264367816,EURUSD,abc_plus_dvmr_mv,3,7
short,5,13,69.23076923076923,0.01827970849694173,0.008546789398561488,0.03500060322330685,0.005219126356877563,69.23076923076923,30.76923076923077,EURUSD,abc_plus_dvmr_mv,3,7
any,5,709,47.10860366713681,0.0006254176116464331,-0.0008419280151602199,0.022488277747186654,0.021382810339109812,49.78843441466855,50.21156558533145,EURUSD,abc_plus_dvmr_mv,3,7
long,10,696,48.99425287356322,-0.0012151540845098466,0.0,0.031584498189035214,0.03218561524418011,49.42528735632184,50.57471264367816,EURUSD,abc_plus_dvmr_mv,3,7
short,10,13,84.61538461538461,0.029697088326027785,0.027703948678443554,0.0470391319521452,0.006281384919145557,69.23076923076923,30.76923076923077,EURUSD,abc_plus_dvmr_mv,3,7
any,10,709,49.647390691114246,-0.0006483569740204397,0.0,0.031867869471010425,0.03171064346106945,49.78843441466855,50.21156558533145,EURUSD,abc_plus_dvmr_mv,3,7
long,20,696,50.0,-0.0018604205335551905,0.00042096400757076266,0.04328897337411289,0.04443885495521274,49.42528735632184,50.57471264367816,EURUSD,abc_plus_dvmr_mv,3,7
short,20,13,84.61538461538461,0.03466960310044057,0.0248387621731263,0.06044129393294894,0.008339328417049544,69.23076923076923,30.76923076923077,EURUSD,abc_plus_dvmr_mv,3,7
any,20,709,50.634696755994355,-0.001190617561422687,0.0009135673892841713,0.04360347290481087,0.04377694544181906,49.78843441466855,50.21156558533145,EURUSD,abc_plus_dvmr_mv,3,7
long,30,696,51.293103448275865,-0.001020976827125213,0.0009444649650033158,0.053551515294950766,0.054152928630259604,49.42528735632184,50.57471264367816,EURUSD,abc_plus_dvmr_mv,3,7
short,30,13,92.3076923076923,0.03755333814397014,0.029435445470837866,0.07093804276368419,0.00893348369866598,69.23076923076923,30.76923076923077,EURUSD,abc_plus_dvmr_mv,3,7
any,30,709,52.04513399153738,-0.00031369037490484706,0.0025408655882082232,0.05387030916955378,0.05332379917453222,49.78843441466855,50.21156558533145,EURUSD,abc_plus_dvmr_mv,3,7
long,60,696,49.42528735632184,-0.005218010062600774,-0.0008966574932311621,0.07297434152700205,0.07680204164243909,49.42528735632184,50.57471264367816,EURUSD,abc_plus_dvmr_mv,3,7
short,60,13,84.61538461538461,0.044733752125110215,0.057386105710341355,0.08605953004147157,0.010497282135263112,69.23076923076923,30.76923076923077,EURUSD,abc_plus_dvmr_mv,3,7
any,60,709,50.07052186177715,-0.004302110332783788,0.0008362322718813145,0.07321426740949585,0.07558629852030468,49.78843441466855,50.21156558533145,EURUSD,abc_plus_dvmr_mv,3,7
long,5,40,37.5,-0.006388190357709263,-0.005496987467078179,0.017301108726106944,0.022672219836227404,50.0,50.0,EURUSD,abc_plus_dvmr_mv,4,7
any,5,40,37.5,-0.006388190357709263,-0.005496987467078179,0.017301108726106944,0.022672219836227404,50.0,50.0,EURUSD,abc_plus_dvmr_mv,4,7
long,10,40,35.0,-0.006315106392147551,-0.007393570876888888,0.02349903779111482,0.032796970235265725,50.0,50.0,EURUSD,abc_plus_dvmr_mv,4,7
any,10,40,35.0,-0.006315106392147551,-0.007393570876888888,0.02349903779111482,0.032796970235265725,50.0,50.0,EURUSD,abc_plus_dvmr_mv,4,7
long,20,40,50.0,0.0013856678542837216,-0.0007760752183087197,0.03629578854838866,0.04081611995459433,50.0,50.0,EURUSD,abc_plus_dvmr_mv,4,7
any,20,40,50.0,0.0013856678542837216,-0.0007760752183087197,0.03629578854838866,0.04081611995459433,50.0,50.0,EURUSD,abc_plus_dvmr_mv,4,7
long,30,40,55.00000000000001,0.01008681340602692,0.011475861340181304,0.050862112938180236,0.050437959364079375,50.0,50.0,EURUSD,abc_plus_dvmr_mv,4,7
any,30,40,55.00000000000001,0.01008681340602692,0.011475861340181304,0.050862112938180236,0.050437959364079375,50.0,50.0,EURUSD,abc_plus_dvmr_mv,4,7
long,60,40,57.49999999999999,0.0005281178492853548,0.011676685156564006,0.07343917224066238,0.07194224434763383,50.0,50.0,EURUSD,abc_plus_dvmr_mv,4,7
any,60,40,57.49999999999999,0.0005281178492853548,0.011676685156564006,0.07343917224066238,0.07194224434763383,50.0,50.0,EURUSD,abc_plus_dvmr_mv,4,7
long,5,1970,47.868020304568525,0.00015155073925510537,0.0,0.020166040484314963,0.020008022148701027,49.34010152284264,50.65989847715736,EURUSD,abc_plus_dvmr_mv_longOnly,2,7
any,5,1970,47.868020304568525,0.00015155073925510537,0.0,0.020166040484314963,0.020008022148701027,49.34010152284264,50.65989847715736,EURUSD,abc_plus_dvmr_mv_longOnly,2,7
long,10,1970,47.56345177664974,-0.0002942765193994591,-0.0008817414522612826,0.027948804515967957,0.028395893981167288,49.34010152284264,50.65989847715736,EURUSD,abc_plus_dvmr_mv_longOnly,2,7
any,10,1970,47.56345177664974,-0.0002942765193994591,-0.0008817414522612826,0.027948804515967957,0.028395893981167288,49.34010152284264,50.65989847715736,EURUSD,abc_plus_dvmr_mv_longOnly,2,7
long,20,1970,48.02030456852792,0.00037566398389993265,-0.0008912340461109953,0.04013204935671954,0.04037693000307922,49.34010152284264,50.65989847715736,EURUSD,abc_plus_dvmr_mv_longOnly,2,7
any,20,1970,48.02030456852792,0.00037566398389993265,-0.0008912340461109953,0.04013204935671954,0.04037693000307922,49.34010152284264,50.65989847715736,EURUSD,abc_plus_dvmr_mv_longOnly,2,7
long,30,1970,48.223350253807105,-0.0007189975153098061,-0.0017659035481312254,0.04835180149842571,0.049080531294812525,49.34010152284264,50.65989847715736,EURUSD,abc_plus_dvmr_mv_longOnly,2,7
any,30,1970,48.223350253807105,-0.0007189975153098061,-0.0017659035481312254,0.04835180149842571,0.049080531294812525,49.34010152284264,50.65989847715736,EURUSD,abc_plus_dvmr_mv_longOnly,2,7
long,60,1970,49.54314720812183,0.001210327484127556,0.0,0.06859739748549915,0.06881826608902147,49.34010152284264,50.65989847715736,EURUSD,abc_plus_dvmr_mv_longOnly,2,7
any,60,1970,49.54314720812183,0.001210327484127556,0.0,0.06859739748549915,0.06881826608902147,49.34010152284264,50.65989847715736,EURUSD,abc_plus_dvmr_mv_longOnly,2,7
long,5,696,46.695402298850574,0.0002956679255705153,-0.0008601843662998715,0.022254570518466018,0.021684718229582543,49.42528735632184,50.57471264367816,EURUSD,abc_plus_dvmr_mv_longOnly,3,7
any,5,696,46.695402298850574,0.0002956679255705153,-0.0008601843662998715,0.022254570518466018,0.021684718229582543,49.42528735632184,50.57471264367816,EURUSD,abc_plus_dvmr_mv_longOnly,3,7
long,10,696,48.99425287356322,-0.0012151540845098466,0.0,0.031584498189035214,0.03218561524418011,49.42528735632184,50.57471264367816,EURUSD,abc_plus_dvmr_mv_longOnly,3,7
any,10,696,48.99425287356322,-0.0012151540845098466,0.0,0.031584498189035214,0.03218561524418011,49.42528735632184,50.57471264367816,EURUSD,abc_plus_dvmr_mv_longOnly,3,7
long,20,696,50.0,-0.0018604205335551905,0.00042096400757076266,0.04328897337411289,0.04443885495521274,49.42528735632184,50.57471264367816,EURUSD,abc_plus_dvmr_mv_longOnly,3,7
any,20,696,50.0,-0.0018604205335551905,0.00042096400757076266,0.04328897337411289,0.04443885495521274,49.42528735632184,50.57471264367816,EURUSD,abc_plus_dvmr_mv_longOnly,3,7
long,30,696,51.293103448275865,-0.001020976827125213,0.0009444649650033158,0.053551515294950766,0.054152928630259604,49.42528735632184,50.57471264367816,EURUSD,abc_plus_dvmr_mv_longOnly,3,7
any,30,696,51.293103448275865,-0.001020976827125213,0.0009444649650033158,0.053551515294950766,0.054152928630259604,49.42528735632184,50.57471264367816,EURUSD,abc_plus_dvmr_mv_longOnly,3,7
long,60,696,49.42528735632184,-0.005218010062600774,-0.0008966574932311621,0.07297434152700205,0.07680204164243909,49.42528735632184,50.57471264367816,EURUSD,abc_plus_dvmr_mv_longOnly,3,7
any,60,696,49.42528735632184,-0.005218010062600774,-0.0008966574932311621,0.07297434152700205,0.07680204164243909,49.42528735632184,50.57471264367816,EURUSD,abc_plus_dvmr_mv_longOnly,3,7
long,5,40,37.5,-0.006388190357709263,-0.005496987467078179,0.017301108726106944,0.022672219836227404,50.0,50.0,EURUSD,abc_plus_dvmr_mv_longOnly,4,7
any,5,40,37.5,-0.006388190357709263,-0.005496987467078179,0.017301108726106944,0.022672219836227404,50.0,50.0,EURUSD,abc_plus_dvmr_mv_longOnly,4,7
long,10,40,35.0,-0.006315106392147551,-0.007393570876888888,0.02349903779111482,0.032796970235265725,50.0,50.0,EURUSD,abc_plus_dvmr_mv_longOnly,4,7
any,10,40,35.0,-0.006315106392147551,-0.007393570876888888,0.02349903779111482,0.032796970235265725,50.0,50.0,EURUSD,abc_plus_dvmr_mv_longOnly,4,7
long,20,40,50.0,0.0013856678542837216,-0.0007760752183087197,0.03629578854838866,0.04081611995459433,50.0,50.0,EURUSD,abc_plus_dvmr_mv_longOnly,4,7
any,20,40,50.0,0.0013856678542837216,-0.0007760752183087197,0.03629578854838866,0.04081611995459433,50.0,50.0,EURUSD,abc_plus_dvmr_mv_longOnly,4,7
long,30,40,55.00000000000001,0.01008681340602692,0.011475861340181304,0.050862112938180236,0.050437959364079375,50.0,50.0,EURUSD,abc_plus_dvmr_mv_longOnly,4,7
any,30,40,55.00000000000001,0.01008681340602692,0.011475861340181304,0.050862112938180236,0.050437959364079375,50.0,50.0,EURUSD,abc_plus_dvmr_mv_longOnly,4,7
long,60,40,57.49999999999999,0.0005281178492853548,0.011676685156564006,0.07343917224066238,0.07194224434763383,50.0,50.0,EURUSD,abc_plus_dvmr_mv_longOnly,4,7
any,60,40,57.49999999999999,0.0005281178492853548,0.011676685156564006,0.07343917224066238,0.07194224434763383,50.0,50.0,EURUSD,abc_plus_dvmr_mv_longOnly,4,7
long,5,946,48.09725158562368,0.003231050172486219,0.0,0.033758904107014556,0.02758270957398281,49.68287526427061,50.10570824524313,US30,abc_only,2,3
short,5,497,49.49698189134809,-0.0016079164327974143,0.0,0.0443260949036721,0.04927662983004097,49.899396378269614,49.69818913480885,US30,abc_only,2,3
any,5,1443,48.57934857934858,0.001564406788684441,0.0,0.03739847016795621,0.035054558754343795,49.757449757449756,49.965349965349965,US30,abc_only,2,3
long,10,946,50.52854122621564,0.002020578547540331,0.0006162059373963219,0.045141206973904544,0.039118042184865504,49.68287526427061,50.21141649048626,US30,abc_only,2,3
short,10,497,48.49094567404427,-0.0016891725934074446,0.0,0.06462562914090868,0.06935150319206089,50.100603621730386,49.69818913480885,US30,abc_only,2,3
any,10,1443,49.826749826749825,0.0007428610721064813,0.0,0.051852057851937146,0.04953109147147404,49.826749826749825,50.034650034650035,US30,abc_only,2,3
long,20,946,50.42283298097252,0.0011967551235703832,0.0012019415966738039,0.060319708469474966,0.05555158762207643,49.78858350951374,50.21141649048626,US30,abc_only,2,3
short,20,497,46.076458752515094,-0.01128399170063068,0.0,0.08694293760925753,0.09685722369844858,50.100603621730386,49.69818913480885,US30,abc_only,2,3
any,20,1443,48.925848925848925,-0.0031018804770033713,0.0,0.0694893168426364,0.06977813033167932,49.896049896049895,50.034650034650035,US30,abc_only,2,3
long,30,946,49.04862579281184,-0.0024599538033210373,0.0,0.0702567634385585,0.06983568205975195,49.78858350951374,50.21141649048626,US30,abc_only,2,3
short,30,497,49.29577464788733,-0.008273523927927339,0.0,0.10666164028981678,0.11723714291879124,50.100603621730386,49.69818913480885,US30,abc_only,2,3
any,30,1443,49.133749133749134,-0.0044622714415257034,0.0,0.08279538006716235,0.086161756936358,49.896049896049895,50.034650034650035,US30,abc_only,2,3
long,60,946,51.69133192389006,0.00408976681687469,0.001724447767996741,0.10049990922320087,0.10147588377212409,49.78858350951374,50.21141649048626,US30,abc_only,2,3
short,60,497,48.08853118712273,-0.011754829040487441,0.0,0.15390810187936085,0.1640656588246591,50.30181086519115,49.69818913480885,US30,abc_only,2,3
any,60,1443,50.45045045045045,-0.0013674501901308391,0.0005879057902135791,0.11889483074094967,0.12303313824274772,49.965349965349965,50.034650034650035,US30,abc_only,2,3
long,5,6,66.66666666666666,0.05605173963130234,0.017027905149666896,0.0935382476848788,0.017054300697246647,66.66666666666667,33.333333333333336,US30,abc_only,3,3
short,5,6,50.0,0.03505027051827042,0.006667355569650141,0.08494301190743904,0.07906463802057848,33.333333333333336,66.66666666666667,US30,abc_only,3,3
any,5,12,58.333333333333336,0.04555100507478638,0.009743917938626922,0.08924062979615892,0.04805946935891257,50.0,50.0,US30,abc_only,3,3
long,10,6,66.66666666666666,0.04200890606142557,0.024733171243706394,0.12445061516128443,0.020879162315538696,66.66666666666667,33.333333333333336,US30,abc_only,3,3
short,10,6,50.0,0.04331186862831051,0.017099222598342092,0.11525193467813682,0.09642214888090173,33.333333333333336,66.66666666666667,US30,abc_only,3,3
any,10,12,58.333333333333336,0.042660387344868045,0.024733171243706394,0.11985127491971063,0.05865065559822021,50.0,50.0,US30,abc_only,3,3
long,20,6,66.66666666666666,0.055100002394611824,0.016789502621431213,0.13507821177730764,0.03260509579666704,66.66666666666667,33.333333333333336,US30,abc_only,3,3
short,20,6,66.66666666666666,0.021167444710914318,0.026038097158486886,0.14446950759599284,0.1030095546826826,33.333333333333336,66.66666666666667,US30,abc_only,3,3
any,20,12,66.66666666666666,0.03813372355276307,0.016789502621431213,0.13977385968665024,0.06780732523967482,50.0,50.0,US30,abc_only,3,3
long,30,6,16.666666666666664,-0.05178691585268505,-0.06374887906504569,0.13507821177730764,0.07633974172189602,66.66666666666667,33.333333333333336,US30,abc_only,3,3
short,30,6,83.33333333333334,0.06104564286017222,0.06902931303424875,0.15934078163072987,0.1030095546826826,33.333333333333336,66.66666666666667,US30,abc_only,3,3
any,30,12,50.0,0.00462936350374358,0.013086273997549774,0.14720949670401878,0.08967464820228932,50.0,50.0,US30,abc_only,3,3
long,60,6,50.0,0.021211348955730885,-0.021093993580063912,0.14067380173867305,0.13193183957044974,66.66666666666667,33.333333333333336,US30,abc_only,3,3
short,60,6,66.66666666666666,0.012473750322953682,0.07877875993673036,0.21442250546922495,0.20136361178992554,33.333333333333336,66.66666666666667,US30,abc_only,3,3
any,60,12,58.333333333333336,0.016842549639342282,0.04152608994496933,0.17754815360394902,0.16664772568018762,50.0,50.0,US30,abc_only,3,3
long,5,946,48.09725158562368,0.003231050172486219,0.0,0.033758904107014556,0.02758270957398281,49.68287526427061,50.10570824524313,US30,abc_only_longOnly,2,3
any,5,946,48.09725158562368,0.003231050172486219,0.0,0.033758904107014556,0.02758270957398281,49.68287526427061,50.10570824524313,US30,abc_only_longOnly,2,3
long,10,946,50.52854122621564,0.002020578547540331,0.0006162059373963219,0.045141206973904544,0.039118042184865504,49.68287526427061,50.21141649048626,US30,abc_only_longOnly,2,3
any,10,946,50.52854122621564,0.002020578547540331,0.0006162059373963219,0.045141206973904544,0.039118042184865504,49.68287526427061,50.21141649048626,US30,abc_only_longOnly,2,3
long,20,946,50.42283298097252,0.0011967551235703832,0.0012019415966738039,0.060319708469474966,0.05555158762207643,49.78858350951374,50.21141649048626,US30,abc_only_longOnly,2,3
any,20,946,50.42283298097252,0.0011967551235703832,0.0012019415966738039,0.060319708469474966,0.05555158762207643,49.78858350951374,50.21141649048626,US30,abc_only_longOnly,2,3
long,30,946,49.04862579281184,-0.0024599538033210373,0.0,0.0702567634385585,0.06983568205975195,49.78858350951374,50.21141649048626,US30,abc_only_longOnly,2,3
any,30,946,49.04862579281184,-0.0024599538033210373,0.0,0.0702567634385585,0.06983568205975195,49.78858350951374,50.21141649048626,US30,abc_only_longOnly,2,3
long,60,946,51.69133192389006,0.00408976681687469,0.001724447767996741,0.10049990922320087,0.10147588377212409,49.78858350951374,50.21141649048626,US30,abc_only_longOnly,2,3
any,60,946,51.69133192389006,0.00408976681687469,0.001724447767996741,0.10049990922320087,0.10147588377212409,49.78858350951374,50.21141649048626,US30,abc_only_longOnly,2,3
long,5,6,66.66666666666666,0.05605173963130234,0.017027905149666896,0.0935382476848788,0.017054300697246647,66.66666666666667,33.333333333333336,US30,abc_only_longOnly,3,3
any,5,6,66.66666666666666,0.05605173963130234,0.017027905149666896,0.0935382476848788,0.017054300697246647,66.66666666666667,33.333333333333336,US30,abc_only_longOnly,3,3
long,10,6,66.66666666666666,0.04200890606142557,0.024733171243706394,0.12445061516128443,0.020879162315538696,66.66666666666667,33.333333333333336,US30,abc_only_longOnly,3,3
any,10,6,66.66666666666666,0.04200890606142557,0.024733171243706394,0.12445061516128443,0.020879162315538696,66.66666666666667,33.333333333333336,US30,abc_only_longOnly,3,3
long,20,6,66.66666666666666,0.055100002394611824,0.016789502621431213,0.13507821177730764,0.03260509579666704,66.66666666666667,33.333333333333336,US30,abc_only_longOnly,3,3
any,20,6,66.66666666666666,0.055100002394611824,0.016789502621431213,0.13507821177730764,0.03260509579666704,66.66666666666667,33.333333333333336,US30,abc_only_longOnly,3,3
long,30,6,16.666666666666664,-0.05178691585268505,-0.06374887906504569,0.13507821177730764,0.07633974172189602,66.66666666666667,33.333333333333336,US30,abc_only_longOnly,3,3
any,30,6,16.666666666666664,-0.05178691585268505,-0.06374887906504569,0.13507821177730764,0.07633974172189602,66.66666666666667,33.333333333333336,US30,abc_only_longOnly,3,3
long,60,6,50.0,0.021211348955730885,-0.021093993580063912,0.14067380173867305,0.13193183957044974,66.66666666666667,33.333333333333336,US30,abc_only_longOnly,3,3
any,60,6,50.0,0.021211348955730885,-0.021093993580063912,0.14067380173867305,0.13193183957044974,66.66666666666667,33.333333333333336,US30,abc_only_longOnly,3,3
long,5,3946,54.916371008616316,0.006565467702690421,0.0021926735113484883,0.036654755121278616,0.027903186733588634,54.130765331981756,45.48910288900152,US30,abc_plus_research,2,10
short,5,2200,58.95454545454546,0.011192498304625625,0.002620754901401717,0.043905782512942984,0.031967353845043775,58.09090909090909,41.22727272727273,US30,abc_plus_research,2,10
any,5,6146,56.361861373250896,0.008221742893750859,0.0023036211472962317,0.039250306742115194,0.029357981339055816,55.548324113244384,43.96355353075171,US30,abc_plus_research,2,10
long,10,3946,57.577293461733404,0.011381957578631936,0.004659811532530648,0.0526568438934886,0.03863306280361252,54.333502280790675,45.53978712620375,US30,abc_plus_research,2,10
short,10,2200,61.18181818181818,0.02031963307657225,0.007285023430892592,0.06569565140569603,0.0424603612772677,58.5,41.22727272727273,US30,abc_plus_research,2,10
any,10,6146,58.867556134070945,0.01458125567421747,0.0057431903709788635,0.05732416841787134,0.04000306876554571,55.824926781646596,43.996095021151966,US30,abc_plus_research,2,10
long,20,3946,57.27318803852002,0.0167740783967066,0.007227167228086544,0.07507717074665098,0.05368034222037788,54.40952863659402,45.53978712620375,US30,abc_plus_research,2,10
short,20,2200,59.59090909090909,0.024381746428591138,0.008926864094625063,0.0939186347362442,0.0597281678895057,58.63636363636363,41.22727272727273,US30,abc_plus_research,2,10
any,20,6146,58.10283110966482,0.01949729181521392,0.007416146691434106,0.08182159326163715,0.05584520009087596,55.92255125284738,43.996095021151966,US30,abc_plus_research,2,10
long,30,3946,55.85402939685758,0.01790287742976956,0.007923347536151955,0.09025438981586446,0.06636674398038685,54.434870755195135,45.53978712620375,US30,abc_plus_research,2,10
short,30,2200,58.95454545454546,0.02837704053682615,0.009902646813036313,0.11548923066408216,0.07479566713103541,58.68181818181818,41.22727272727273,US30,abc_plus_research,2,10
any,30,6146,56.96387894565571,0.021652171089959038,0.00847024714650341,0.09928736245922258,0.06938393092009182,55.95509274324764,43.996095021151966,US30,abc_plus_research,2,10
long,60,3946,55.3978712620375,0.01943467001437912,0.01022507118941875,0.1254243764335269,0.09919666200661759,54.46021287379625,45.53978712620375,US30,abc_plus_research,2,10
short,60,2200,56.68181818181818,0.02851589013842485,0.010115924301740431,0.1595791887566839,0.11108085544151744,58.77272727272727,41.22727272727273,US30,abc_plus_research,2,10
any,60,6146,55.85746827204686,0.022685350826761253,0.010160781663763656,0.13765030990423066,0.10345068503896053,56.003904978848034,43.996095021151966,US30,abc_plus_research,2,10
long,5,1569,55.95920968769917,0.009334117023234601,0.0033025099075297223,0.04084860073261111,0.028019191512557166,54.74824729126832,44.93307839388145,US30,abc_plus_research,3,10
short,5,847,61.98347107438017,0.016143309107494928,0.008431347750937988,0.04911228103052117,0.030873247592692988,58.913813459268006,40.731995277449826,US30,abc_plus_research,3,10
any,5,2416,58.07119205298014,0.011721279976615602,0.005146166863509585,0.04374567739334365,0.02901976498104849,56.20860927152318,43.46026490066225,US30,abc_plus_research,3,10
long,10,1569,60.038240917782026,0.020282909279381166,0.007662422280689342,0.06018525635808729,0.03708038771539028,54.93945188017846,44.93307839388145,US30,abc_plus_research,3,10
short,10,847,66.11570247933885,0.02872707208418647,0.015035061764033728,0.07190756925983435,0.039331604582206234,59.149940968122785,40.731995277449826,US30,abc_plus_research,3,10
any,10,2416,62.168874172185426,0.02324325940176117,0.010210374590761396,0.06429485860468488,0.03786961813186094,56.41556291390729,43.46026490066225,US30,abc_plus_research,3,10
long,20,1569,59.59209687699172,0.029384817523104748,0.012279229683003984,0.08812199142631326,0.05112402932524001,55.003186743148504,44.93307839388145,US30,abc_plus_research,3,10
short,20,847,66.23376623376623,0.03871926154107297,0.019150033144288134,0.10371834839861724,0.05163554741563648,59.268004722550174,40.731995277449826,US30,abc_plus_research,3,10
any,20,2416,61.920529801324506,0.032657281961523246,0.01492165501061732,0.09358975399069301,0.05130335706636825,56.49834437086093,43.46026490066225,US30,abc_plus_research,3,10
long,30,1569,58.95474824729126,0.031020938333265836,0.01352014709920044,0.10511924550002348,0.0638262200281236,55.06692160611855,44.93307839388145,US30,abc_plus_research,3,10
short,30,847,63.282172373081465,0.04218020116296314,0.02230881346857432,0.12780418564752252,0.06502905983363913,59.268004722550174,40.731995277449826,US30,abc_plus_research,3,10
any,30,2416,60.47185430463576,0.03493314678390888,0.01600065266772694,0.11307211979842238,0.06424791096987513,56.53973509933775,43.46026490066225,US30,abc_plus_research,3,10
long,60,1569,56.469088591459524,0.027690431039309626,0.015423822925021239,0.14181122960760403,0.099390421915947,55.06692160611855,44.93307839388145,US30,abc_plus_research,3,10
short,60,847,60.09445100354191,0.04176666200132144,0.02116437950272174,0.1734655667024062,0.10300814086903608,59.268004722550174,40.731995277449826,US30,abc_plus_research,3,10
any,60,2416,57.74006622516556,0.03262526863236592,0.016994103861698057,0.15290859033579007,0.10065871990984868,56.53973509933775,43.46026490066225,US30,abc_plus_research,3,10
long,5,202,59.4059405940594,0.016295909755844665,0.0066559278943876645,0.04332646550333083,0.02406516909889499,51.48514851485149,48.01980198019802,US30,abc_plus_research,4,10
short,5,58,60.3448275862069,0.016812073850356143,0.009315916250069665,0.05848519288258043,0.03839657701485149,56.89655172413793,43.10344827586207,US30,abc_plus_research,4,10
any,5,260,59.61538461538461,0.01641105405385107,0.006659056844325084,0.046708027764855733,0.027262175480146825,52.69230769230769,46.92307692307692,US30,abc_plus_research,4,10
long,10,202,62.87128712871287,0.029354872944588,0.011846388139074281,0.06331213272927608,0.028798352027471094,51.48514851485149,48.51485148514851,US30,abc_plus_research,4,10
short,10,58,74.13793103448276,0.05170545611293408,0.030279885934172114,0.0954351375542483,0.04298776272624487,56.89655172413793,43.10344827586207,US30,abc_plus_research,4,10
any,10,260,65.38461538461539,0.03434077226675751,0.013792978738391571,0.07047803380561604,0.03196368210642832,52.69230769230769,47.30769230769231,US30,abc_plus_research,4,10
long,20,202,62.87128712871287,0.03553905348309151,0.019393110621470894,0.08308877798516164,0.04079716733037732,51.48514851485149,48.51485148514851,US30,abc_plus_research,4,10
short,20,58,70.6896551724138,0.07768874964985335,0.048583174381695425,0.1463617349250103,0.051401498915898854,56.89655172413793,43.10344827586207,US30,abc_plus_research,4,10
any,20,260,64.61538461538461,0.04494167801259991,0.022596787418607094,0.09720351453328174,0.04316274899176289,52.69230769230769,47.30769230769231,US30,abc_plus_research,4,10
long,30,202,59.4059405940594,0.03382338258860515,0.015352123452476649,0.09609837562755988,0.04831412230410349,51.48514851485149,48.51485148514851,US30,abc_plus_research,4,10
short,30,58,65.51724137931035,0.06399824236733168,0.04019041423689794,0.17946909707719796,0.06645191358989523,56.89655172413793,43.10344827586207,US30,abc_plus_research,4,10
any,30,260,60.76923076923077,0.04055469746232107,0.018540011029577724,0.11469645964324836,0.05236024497554935,52.69230769230769,47.30769230769231,US30,abc_plus_research,4,10
long,60,202,55.44554455445545,0.03776200167353847,0.020566060367386733,0.12725580931276673,0.07587588373581564,51.48514851485149,48.51485148514851,US30,abc_plus_research,4,10
short,60,58,60.3448275862069,0.07752897503655923,0.04640956517627695,0.24989719883863531,0.12908437990328175,56.89655172413793,43.10344827586207,US30,abc_plus_research,4,10
any,60,260,56.53846153846154,0.0466330957314431,0.02217730053263276,0.15461427313007586,0.08774547134240425,52.69230769230769,47.30769230769231,US30,abc_plus_research,4,10
long,5,3946,54.916371008616316,0.006565467702690421,0.0021926735113484883,0.036654755121278616,0.027903186733588634,54.130765331981756,45.48910288900152,US30,abc_plus_research_longOnly,2,10
any,5,3946,54.916371008616316,0.006565467702690421,0.0021926735113484883,0.036654755121278616,0.027903186733588634,54.130765331981756,45.48910288900152,US30,abc_plus_research_longOnly,2,10
long,10,3946,57.577293461733404,0.011381957578631936,0.004659811532530648,0.0526568438934886,0.03863306280361252,54.333502280790675,45.53978712620375,US30,abc_plus_research_longOnly,2,10
any,10,3946,57.577293461733404,0.011381957578631936,0.004659811532530648,0.0526568438934886,0.03863306280361252,54.333502280790675,45.53978712620375,US30,abc_plus_research_longOnly,2,10
long,20,3946,57.27318803852002,0.0167740783967066,0.007227167228086544,0.07507717074665098,0.05368034222037788,54.40952863659402,45.53978712620375,US30,abc_plus_research_longOnly,2,10
any,20,3946,57.27318803852002,0.0167740783967066,0.007227167228086544,0.07507717074665098,0.05368034222037788,54.40952863659402,45.53978712620375,US30,abc_plus_research_longOnly,2,10
long,30,3946,55.85402939685758,0.01790287742976956,0.007923347536151955,0.09025438981586446,0.06636674398038685,54.434870755195135,45.53978712620375,US30,abc_plus_research_longOnly,2,10
any,30,3946,55.85402939685758,0.01790287742976956,0.007923347536151955,0.09025438981586446,0.06636674398038685,54.434870755195135,45.53978712620375,US30,abc_plus_research_longOnly,2,10
long,60,3946,55.3978712620375,0.01943467001437912,0.01022507118941875,0.1254243764335269,0.09919666200661759,54.46021287379625,45.53978712620375,US30,abc_plus_research_longOnly,2,10
any,60,3946,55.3978712620375,0.01943467001437912,0.01022507118941875,0.1254243764335269,0.09919666200661759,54.46021287379625,45.53978712620375,US30,abc_plus_research_longOnly,2,10
long,5,1569,55.95920968769917,0.009334117023234601,0.0033025099075297223,0.04084860073261111,0.028019191512557166,54.74824729126832,44.93307839388145,US30,abc_plus_research_longOnly,3,10
any,5,1569,55.95920968769917,0.009334117023234601,0.0033025099075297223,0.04084860073261111,0.028019191512557166,54.74824729126832,44.93307839388145,US30,abc_plus_research_longOnly,3,10
long,10,1569,60.038240917782026,0.020282909279381166,0.007662422280689342,0.06018525635808729,0.03708038771539028,54.93945188017846,44.93307839388145,US30,abc_plus_research_longOnly,3,10
any,10,1569,60.038240917782026,0.020282909279381166,0.007662422280689342,0.06018525635808729,0.03708038771539028,54.93945188017846,44.93307839388145,US30,abc_plus_research_longOnly,3,10
long,20,1569,59.59209687699172,0.029384817523104748,0.012279229683003984,0.08812199142631326,0.05112402932524001,55.003186743148504,44.93307839388145,US30,abc_plus_research_longOnly,3,10
any,20,1569,59.59209687699172,0.029384817523104748,0.012279229683003984,0.08812199142631326,0.05112402932524001,55.003186743148504,44.93307839388145,US30,abc_plus_research_longOnly,3,10
long,30,1569,58.95474824729126,0.031020938333265836,0.01352014709920044,0.10511924550002348,0.0638262200281236,55.06692160611855,44.93307839388145,US30,abc_plus_research_longOnly,3,10
any,30,1569,58.95474824729126,0.031020938333265836,0.01352014709920044,0.10511924550002348,0.0638262200281236,55.06692160611855,44.93307839388145,US30,abc_plus_research_longOnly,3,10
long,60,1569,56.469088591459524,0.027690431039309626,0.015423822925021239,0.14181122960760403,0.099390421915947,55.06692160611855,44.93307839388145,US30,abc_plus_research_longOnly,3,10
any,60,1569,56.469088591459524,0.027690431039309626,0.015423822925021239,0.14181122960760403,0.099390421915947,55.06692160611855,44.93307839388145,US30,abc_plus_research_longOnly,3,10
long,5,202,59.4059405940594,0.016295909755844665,0.0066559278943876645,0.04332646550333083,0.02406516909889499,51.48514851485149,48.01980198019802,US30,abc_plus_research_longOnly,4,10
any,5,202,59.4059405940594,0.016295909755844665,0.0066559278943876645,0.04332646550333083,0.02406516909889499,51.48514851485149,48.01980198019802,US30,abc_plus_research_longOnly,4,10
long,10,202,62.87128712871287,0.029354872944588,0.011846388139074281,0.06331213272927608,0.028798352027471094,51.48514851485149,48.51485148514851,US30,abc_plus_research_longOnly,4,10
any,10,202,62.87128712871287,0.029354872944588,0.011846388139074281,0.06331213272927608,0.028798352027471094,51.48514851485149,48.51485148514851,US30,abc_plus_research_longOnly,4,10
long,20,202,62.87128712871287,0.03553905348309151,0.019393110621470894,0.08308877798516164,0.04079716733037732,51.48514851485149,48.51485148514851,US30,abc_plus_research_longOnly,4,10
any,20,202,62.87128712871287,0.03553905348309151,0.019393110621470894,0.08308877798516164,0.04079716733037732,51.48514851485149,48.51485148514851,US30,abc_plus_research_longOnly,4,10
long,30,202,59.4059405940594,0.03382338258860515,0.015352123452476649,0.09609837562755988,0.04831412230410349,51.48514851485149,48.51485148514851,US30,abc_plus_research_longOnly,4,10
any,30,202,59.4059405940594,0.03382338258860515,0.015352123452476649,0.09609837562755988,0.04831412230410349,51.48514851485149,48.51485148514851,US30,abc_plus_research_longOnly,4,10
long,60,202,55.44554455445545,0.03776200167353847,0.020566060367386733,0.12725580931276673,0.07587588373581564,51.48514851485149,48.51485148514851,US30,abc_plus_research_longOnly,4,10
any,60,202,55.44554455445545,0.03776200167353847,0.020566060367386733,0.12725580931276673,0.07587588373581564,51.48514851485149,48.51485148514851,US30,abc_plus_research_longOnly,4,10
long,5,2099,47.83230109575989,-0.0005576352725112778,0.0,0.03399953838746168,0.03184155181534163,50.26202953787518,49.59504525964745,US30,abc_plus_dvmr_mv,2,7
short,5,588,48.63945578231292,-0.003690563391278564,0.0,0.04375087457266022,0.05078700982645662,48.97959183673469,50.51020408163265,US30,abc_plus_dvmr_mv,2,7
any,5,2687,48.00893189430592,-0.001243218351720494,0.0,0.036133437039079376,0.03598741311438726,49.981391886862674,49.795310755489396,US30,abc_plus_dvmr_mv,2,7
long,10,2099,48.45164363982849,-0.001760459087058237,0.0,0.04588692153747187,0.04566191714117789,50.26202953787518,49.64268699380658,US30,abc_plus_dvmr_mv,2,7
short,10,588,48.80952380952381,-0.00226801964221498,0.0,0.0642232618697758,0.07064671776146741,49.14965986394558,50.51020408163265,US30,abc_plus_dvmr_mv,2,7
any,10,2687,48.52995906215109,-0.0018715292792547997,0.0,0.049899488755705844,0.05112937630185159,50.018608113137326,49.83252698176405,US30,abc_plus_dvmr_mv,2,7
long,20,2099,48.73749404478323,-0.0018212776355548976,0.0,0.062290009398779725,0.06356056362150976,50.3096712720343,49.64268699380658,US30,abc_plus_dvmr_mv,2,7
short,20,588,45.91836734693878,-0.011314439255761173,-0.0003232011914488722,0.0873184790476684,0.09875842230528889,49.31972789115646,50.51020408163265,US30,abc_plus_dvmr_mv,2,7
any,20,2687,48.120580573129885,-0.0038986795829614074,0.0,0.06776702471457673,0.07126296068368397,50.09304056568664,49.83252698176405,US30,abc_plus_dvmr_mv,2,7
long,30,2099,48.689852310624104,-0.0028458125874680114,-0.0005574071382004044,0.07455237301936767,0.0777407399536139,50.3096712720343,49.64268699380658,US30,abc_plus_dvmr_mv,2,7
short,30,588,48.97959183673469,-0.007122450872947179,0.0,0.10805765351012034,0.11933541920994416,49.31972789115646,50.51020408163265,US30,abc_plus_dvmr_mv,2,7
any,30,2687,48.75325641979904,-0.0037816753756562335,0.0,0.08188438080818887,0.08684296228436275,50.09304056568664,49.83252698176405,US30,abc_plus_dvmr_mv,2,7
long,60,2099,50.40495474035255,-0.0022885035793688527,0.0010338546028240774,0.10579392755228653,0.11235226842947184,50.35731300619342,49.64268699380658,US30,abc_plus_dvmr_mv,2,7
short,60,588,48.97959183673469,-0.011759954594505117,0.0,0.1572589088532864,0.16597616061326473,49.48979591836735,50.51020408163265,US30,abc_plus_dvmr_mv,2,7
any,60,2687,50.09304056568664,-0.004361154564445192,0.0005704553420176412,0.11705608200148189,0.12408686039228176,50.16747301823595,49.83252698176405,US30,abc_plus_dvmr_mv,2,7
long,5,687,46.87045123726347,-0.0004704411888346793,-0.0005547127619658753,0.03405049304983693,0.030680384707194572,50.07278020378457,49.92721979621543,US30,abc_plus_dvmr_mv,3,7
short,5,13,46.15384615384615,0.011684933448953867,0.0,0.05726228617855947,0.07724265587282994,46.15384615384615,53.84615384615385,US30,abc_plus_dvmr_mv,3,7
any,5,700,46.85714285714286,-0.00024469851699003336,-0.0005547127619658753,0.03448156920794177,0.03154511260027066,50.0,50.0,US30,abc_plus_dvmr_mv,3,7
long,10,687,50.94614264919942,0.006043516009049165,0.001614163314587517,0.04918920366475041,0.042649219981308724,50.07278020378457,49.92721979621543,US30,abc_plus_dvmr_mv,3,7
short,10,13,46.15384615384615,-0.007554360763373848,-0.015504845522639915,0.07207076811166149,0.10588057938124422,46.15384615384615,53.84615384615385,US30,abc_plus_dvmr_mv,3,7
any,10,700,50.857142857142854,0.005790984011847021,0.0015299885526688893,0.049614147004478755,0.04382351665587896,50.0,50.0,US30,abc_plus_dvmr_mv,3,7
long,20,687,48.90829694323144,0.006341981088171617,0.0,0.0704560391545271,0.06048639863514547,50.07278020378457,49.92721979621543,US30,abc_plus_dvmr_mv,3,7
short,20,13,46.15384615384615,-0.012527048321808381,-0.020010415744143466,0.10388678082994694,0.11965552665606904,46.15384615384615,53.84615384615385,US30,abc_plus_dvmr_mv,3,7
any,20,700,48.857142857142854,0.0059915562562719875,-0.00027735638098293767,0.07107689578564202,0.06158525386981976,50.0,50.0,US30,abc_plus_dvmr_mv,3,7
long,30,687,48.7627365356623,0.005343415315448036,0.0,0.08462187271387253,0.07511055903284872,50.07278020378457,49.92721979621543,US30,abc_plus_dvmr_mv,3,7
short,30,13,46.15384615384615,0.014176033092235892,0.0,0.1154300961108799,0.1320237652202652,46.15384615384615,53.84615384615385,US30,abc_plus_dvmr_mv,3,7
any,30,700,48.714285714285715,0.005507449645588382,0.0,0.08519402543410266,0.07616751857632932,50.0,50.0,US30,abc_plus_dvmr_mv,3,7
long,60,687,50.21834061135371,0.002897394278452393,0.0014632847230148349,0.1167458978867494,0.11191790918913956,50.07278020378457,49.92721979621543,US30,abc_plus_dvmr_mv,3,7
short,60,13,46.15384615384615,-0.05255186693509845,0.0,0.14539399019112864,0.22910018012706287,46.15384615384615,53.84615384615385,US30,abc_plus_dvmr_mv,3,7
any,60,700,50.142857142857146,0.0018676222844864463,0.0010235134595620464,0.11727793388668788,0.11409415136370098,50.0,50.0,US30,abc_plus_dvmr_mv,3,7
long,5,30,56.666666666666664,0.00953653506772425,0.008146054778414945,0.04726191859748013,0.03263249920938091,36.666666666666664,63.333333333333336,US30,abc_plus_dvmr_mv,4,7
any,5,30,56.666666666666664,0.00953653506772425,0.008146054778414945,0.04726191859748013,0.03263249920938091,36.666666666666664,63.333333333333336,US30,abc_plus_dvmr_mv,4,7
long,10,30,56.666666666666664,0.015303258837842077,0.010808176298546841,0.06072471761376511,0.03735682720247902,36.666666666666664,63.333333333333336,US30,abc_plus_dvmr_mv,4,7
any,10,30,56.666666666666664,0.015303258837842077,0.010808176298546841,0.06072471761376511,0.03735682720247902,36.666666666666664,63.333333333333336,US30,abc_plus_dvmr_mv,4,7
long,20,30,70.0,0.026887119652957314,0.026169767669650096,0.07380366627896683,0.05025270633308547,36.666666666666664,63.333333333333336,US30,abc_plus_dvmr_mv,4,7
any,20,30,70.0,0.026887119652957314,0.026169767669650096,0.07380366627896683,0.05025270633308547,36.666666666666664,63.333333333333336,US30,abc_plus_dvmr_mv,4,7
long,30,30,50.0,0.0062592506009307835,-0.0012487636820268542,0.08905829225515909,0.06576509948716343,36.666666666666664,63.333333333333336,US30,abc_plus_dvmr_mv,4,7
any,30,30,50.0,0.0062592506009307835,-0.0012487636820268542,0.08905829225515909,0.06576509948716343,36.666666666666664,63.333333333333336,US30,abc_plus_dvmr_mv,4,7
long,60,30,56.666666666666664,0.029334229329041655,0.03820032876593778,0.1302785740640669,0.08803360975295725,36.666666666666664,63.333333333333336,US30,abc_plus_dvmr_mv,4,7
any,60,30,56.666666666666664,0.029334229329041655,0.03820032876593778,0.1302785740640669,0.08803360975295725,36.666666666666664,63.333333333333336,US30,abc_plus_dvmr_mv,4,7
long,5,2099,47.83230109575989,-0.0005576352725112778,0.0,0.03399953838746168,0.03184155181534163,50.26202953787518,49.59504525964745,US30,abc_plus_dvmr_mv_longOnly,2,7
any,5,2099,47.83230109575989,-0.0005576352725112778,0.0,0.03399953838746168,0.03184155181534163,50.26202953787518,49.59504525964745,US30,abc_plus_dvmr_mv_longOnly,2,7
long,10,2099,48.45164363982849,-0.001760459087058237,0.0,0.04588692153747187,0.04566191714117789,50.26202953787518,49.64268699380658,US30,abc_plus_dvmr_mv_longOnly,2,7
any,10,2099,48.45164363982849,-0.001760459087058237,0.0,0.04588692153747187,0.04566191714117789,50.26202953787518,49.64268699380658,US30,abc_plus_dvmr_mv_longOnly,2,7
long,20,2099,48.73749404478323,-0.0018212776355548976,0.0,0.062290009398779725,0.06356056362150976,50.3096712720343,49.64268699380658,US30,abc_plus_dvmr_mv_longOnly,2,7
any,20,2099,48.73749404478323,-0.0018212776355548976,0.0,0.062290009398779725,0.06356056362150976,50.3096712720343,49.64268699380658,US30,abc_plus_dvmr_mv_longOnly,2,7
long,30,2099,48.689852310624104,-0.0028458125874680114,-0.0005574071382004044,0.07455237301936767,0.0777407399536139,50.3096712720343,49.64268699380658,US30,abc_plus_dvmr_mv_longOnly,2,7
any,30,2099,48.689852310624104,-0.0028458125874680114,-0.0005574071382004044,0.07455237301936767,0.0777407399536139,50.3096712720343,49.64268699380658,US30,abc_plus_dvmr_mv_longOnly,2,7
long,60,2099,50.40495474035255,-0.0022885035793688527,0.0010338546028240774,0.10579392755228653,0.11235226842947184,50.35731300619342,49.64268699380658,US30,abc_plus_dvmr_mv_longOnly,2,7
any,60,2099,50.40495474035255,-0.0022885035793688527,0.0010338546028240774,0.10579392755228653,0.11235226842947184,50.35731300619342,49.64268699380658,US30,abc_plus_dvmr_mv_longOnly,2,7
long,5,687,46.87045123726347,-0.0004704411888346793,-0.0005547127619658753,0.03405049304983693,0.030680384707194572,50.07278020378457,49.92721979621543,US30,abc_plus_dvmr_mv_longOnly,3,7
any,5,687,46.87045123726347,-0.0004704411888346793,-0.0005547127619658753,0.03405049304983693,0.030680384707194572,50.07278020378457,49.92721979621543,US30,abc_plus_dvmr_mv_longOnly,3,7
long,10,687,50.94614264919942,0.006043516009049165,0.001614163314587517,0.04918920366475041,0.042649219981308724,50.07278020378457,49.92721979621543,US30,abc_plus_dvmr_mv_longOnly,3,7
any,10,687,50.94614264919942,0.006043516009049165,0.001614163314587517,0.04918920366475041,0.042649219981308724,50.07278020378457,49.92721979621543,US30,abc_plus_dvmr_mv_longOnly,3,7
long,20,687,48.90829694323144,0.006341981088171617,0.0,0.0704560391545271,0.06048639863514547,50.07278020378457,49.92721979621543,US30,abc_plus_dvmr_mv_longOnly,3,7
any,20,687,48.90829694323144,0.006341981088171617,0.0,0.0704560391545271,0.06048639863514547,50.07278020378457,49.92721979621543,US30,abc_plus_dvmr_mv_longOnly,3,7
long,30,687,48.7627365356623,0.005343415315448036,0.0,0.08462187271387253,0.07511055903284872,50.07278020378457,49.92721979621543,US30,abc_plus_dvmr_mv_longOnly,3,7
any,30,687,48.7627365356623,0.005343415315448036,0.0,0.08462187271387253,0.07511055903284872,50.07278020378457,49.92721979621543,US30,abc_plus_dvmr_mv_longOnly,3,7
long,60,687,50.21834061135371,0.002897394278452393,0.0014632847230148349,0.1167458978867494,0.11191790918913956,50.07278020378457,49.92721979621543,US30,abc_plus_dvmr_mv_longOnly,3,7
any,60,687,50.21834061135371,0.002897394278452393,0.0014632847230148349,0.1167458978867494,0.11191790918913956,50.07278020378457,49.92721979621543,US30,abc_plus_dvmr_mv_longOnly,3,7
long,5,30,56.666666666666664,0.00953653506772425,0.008146054778414945,0.04726191859748013,0.03263249920938091,36.666666666666664,63.333333333333336,US30,abc_plus_dvmr_mv_longOnly,4,7
any,5,30,56.666666666666664,0.00953653506772425,0.008146054778414945,0.04726191859748013,0.03263249920938091,36.666666666666664,63.333333333333336,US30,abc_plus_dvmr_mv_longOnly,4,7
long,10,30,56.666666666666664,0.015303258837842077,0.010808176298546841,0.06072471761376511,0.03735682720247902,36.666666666666664,63.333333333333336,US30,abc_plus_dvmr_mv_longOnly,4,7
any,10,30,56.666666666666664,0.015303258837842077,0.010808176298546841,0.06072471761376511,0.03735682720247902,36.666666666666664,63.333333333333336,US30,abc_plus_dvmr_mv_longOnly,4,7
long,20,30,70.0,0.026887119652957314,0.026169767669650096,0.07380366627896683,0.05025270633308547,36.666666666666664,63.333333333333336,US30,abc_plus_dvmr_mv_longOnly,4,7
any,20,30,70.0,0.026887119652957314,0.026169767669650096,0.07380366627896683,0.05025270633308547,36.666666666666664,63.333333333333336,US30,abc_plus_dvmr_mv_longOnly,4,7
long,30,30,50.0,0.0062592506009307835,-0.0012487636820268542,0.08905829225515909,0.06576509948716343,36.666666666666664,63.333333333333336,US30,abc_plus_dvmr_mv_longOnly,4,7
any,30,30,50.0,0.0062592506009307835,-0.0012487636820268542,0.08905829225515909,0.06576509948716343,36.666666666666664,63.333333333333336,US30,abc_plus_dvmr_mv_longOnly,4,7
long,60,30,56.666666666666664,0.029334229329041655,0.03820032876593778,0.1302785740640669,0.08803360975295725,36.666666666666664,63.333333333333336,US30,abc_plus_dvmr_mv_longOnly,4,7
any,60,30,56.666666666666664,0.029334229329041655,0.03820032876593778,0.1302785740640669,0.08803360975295725,36.666666666666664,63.333333333333336,US30,abc_plus_dvmr_mv_longOnly,4,7
