sample,kind,signal,horizon_m1,n_events,accuracy,up_calls,dn_calls,no_edge_lt_52,passes_60,passes_70
all_hours,always_on,always_last_bar_continue,1,356896,0.4901343808840671,179520,177376,True,False,False
all_hours,always_on,always_last_bar_continue,5,357766,0.4912987818853664,179985,177781,True,False,False
all_hours,always_on,always_last_bar_continue,10,357928,0.4916770970698017,180053,177875,True,False,False
all_hours,always_on,always_last_bar_continue,20,358045,0.49304696337052606,180134,177911,True,False,False
all_hours,always_on,always_cci30_sign,1,358406,0.49186955575520497,184045,174361,True,False,False
all_hours,always_on,always_cci30_sign,5,359322,0.48658863081024817,184504,174818,True,False,False
all_hours,always_on,always_cci30_sign,10,359507,0.48609901893426277,184631,174876,True,False,False
all_hours,always_on,always_cci30_sign,20,359625,0.4912811956899548,184638,174987,True,False,False
all_hours,always_on,always_cci30_velocity,1,358406,0.49423837770573037,178070,180336,True,False,False
all_hours,always_on,always_cci30_velocity,5,359322,0.49349051825382245,178556,180766,True,False,False
all_hours,always_on,always_cci30_velocity,10,359507,0.49302795216782985,178644,180863,True,False,False
all_hours,always_on,always_cci30_velocity,20,359625,0.49473757386166145,178700,180925,True,False,False
all_hours,always_on,always_close_vs_ema8,1,358432,0.48933688956343185,183122,175310,True,False,False
all_hours,always_on,always_close_vs_ema8,5,359347,0.4851466688187184,183603,175744,True,False,False
all_hours,always_on,always_close_vs_ema8,10,359533,0.4844979459465473,183694,175839,True,False,False
all_hours,always_on,always_close_vs_ema8,20,359651,0.4890574473586894,183750,175901,True,False,False
all_hours,event,single_stoch_ema_A,1,2521,0.5577151923839746,1251,1270,False,False,False
all_hours,event,single_stoch_ema_A,5,2530,0.6260869565217392,1255,1275,False,True,False
all_hours,event,single_stoch_ema_A,10,2531,0.6499407348873962,1255,1276,False,True,False
all_hours,event,single_stoch_ema_A,20,2532,0.6484992101105845,1256,1276,False,True,False
all_hours,event,single_rsi2_ema_A,1,3245,0.5445300462249615,1822,1423,False,False,False
all_hours,event,single_rsi2_ema_A,5,3256,0.5835380835380836,1830,1426,False,False,False
all_hours,event,single_rsi2_ema_A,10,3257,0.6146760822843107,1831,1426,False,True,False
all_hours,event,single_rsi2_ema_A,20,3258,0.600061387354205,1830,1428,False,True,False
all_hours,event,single_stoch_ema_B,1,1931,0.5214914552045572,939,992,False,False,False
all_hours,event,single_stoch_ema_B,5,1929,0.5552099533437014,936,993,False,False,False
all_hours,event,single_stoch_ema_B,10,1930,0.6020725388601036,936,994,False,True,False
all_hours,event,single_stoch_ema_B,20,1934,0.6468459152016546,939,995,False,True,False
all_hours,event,single_rsi2_ema_B,1,2875,0.5168695652173914,1715,1160,True,False,False
all_hours,event,single_rsi2_ema_B,5,2879,0.5415074678707885,1717,1162,False,False,False
all_hours,event,single_rsi2_ema_B,10,2882,0.5853573907009022,1718,1164,False,False,False
all_hours,event,single_rsi2_ema_B,20,2880,0.5989583333333334,1716,1164,False,False,False
all_hours,event,single_ema_pull_B,1,13600,0.5022794117647059,8037,5563,True,False,False
all_hours,event,single_ema_pull_B,5,13630,0.5060895084372707,8057,5573,True,False,False
all_hours,event,single_ema_pull_B,10,13641,0.5119859247855729,8063,5578,True,False,False
all_hours,event,single_ema_pull_B,20,13649,0.5206974869953843,8070,5579,False,False,False
all_hours,event,single_sma_outer_C,1,30900,0.5110355987055016,19128,11772,True,False,False
all_hours,event,single_sma_outer_C,5,30991,0.5215707786131457,19197,11794,False,False,False
all_hours,event,single_sma_outer_C,10,31005,0.529979035639413,19208,11797,False,False,False
all_hours,event,single_sma_outer_C,20,31015,0.5353861034983073,19216,11799,False,False,False
all_hours,event,agree_seA_r2A,1,547,0.5630712979890311,294,253,False,False,False
all_hours,event,agree_seA_r2A,5,547,0.6325411334552102,294,253,False,True,False
all_hours,event,agree_seA_r2A,10,549,0.6812386156648452,295,254,False,True,False
all_hours,event,agree_seA_r2A,20,548,0.656934306569343,295,253,False,True,False
all_hours,event,agree_seB_r2B_epB,1,1984,0.5085685483870968,1203,781,True,False,False
all_hours,event,agree_seB_r2B_epB,5,1986,0.5387713997985901,1202,784,False,False,False
all_hours,event,agree_seB_r2B_epB,10,1984,0.5892137096774194,1200,784,False,False,False
all_hours,event,agree_seB_r2B_epB,20,1987,0.5827881227981883,1203,784,False,False,False
all_hours,event,agree_2of_top4,1,688,0.5770348837209303,383,305,False,False,False
all_hours,event,agree_2of_top4,5,689,0.6516690856313497,383,306,False,True,False
all_hours,event,agree_2of_top4,10,691,0.6888567293777135,384,307,False,True,False
all_hours,event,agree_2of_top4,20,690,0.6869565217391305,384,306,False,True,False
all_hours,event,agree_seA_r2A_atr,1,275,0.5563636363636364,128,147,False,False,False
all_hours,event,agree_seA_r2A_atr,5,275,0.6727272727272727,128,147,False,True,False
all_hours,event,agree_seA_r2A_atr,10,276,0.6630434782608695,128,148,False,True,False
all_hours,event,agree_seA_r2A_atr,20,276,0.6920289855072463,129,147,False,True,False
all_hours,event,agree_strict3_seA_r2A_epA,1,235,0.5361702127659574,121,114,False,False,False
all_hours,event,agree_strict3_seA_r2A_epA,5,234,0.5897435897435898,121,113,False,False,False
all_hours,event,agree_strict3_seA_r2A_epA,10,237,0.6413502109704642,122,115,False,True,False
all_hours,event,agree_strict3_seA_r2A_epA,20,235,0.6127659574468085,121,114,False,True,False
all_hours,event,event_cci100_extreme_vel,1,148631,0.4926563099218871,73480,75151,True,False,False
all_hours,event,event_cci100_extreme_vel,5,148988,0.49261014309877305,73676,75312,True,False,False
all_hours,event,event_cci100_extreme_vel,10,149049,0.4922542251205979,73698,75351,True,False,False
all_hours,event,event_cci100_extreme_vel,20,149098,0.4935277468510644,73734,75364,True,False,False
london_ny,always_on,always_last_bar_continue,1,222193,0.4899884334790025,111973,110220,True,False,False
london_ny,always_on,always_last_bar_continue,5,222672,0.49146727024502407,112256,110416,True,False,False
london_ny,always_on,always_last_bar_continue,10,222794,0.49258059014156574,112307,110487,True,False,False
london_ny,always_on,always_last_bar_continue,20,222857,0.4927285209798211,112336,110521,True,False,False
london_ny,always_on,always_cci30_sign,1,223078,0.4922986578685482,114800,108278,True,False,False
london_ny,always_on,always_cci30_sign,5,223570,0.48611173234333765,115050,108520,True,False,False
london_ny,always_on,always_cci30_sign,10,223699,0.4861130358204552,115139,108560,True,False,False
london_ny,always_on,always_cci30_sign,20,223761,0.4917166083455115,115127,108634,True,False,False
london_ny,always_on,always_cci30_velocity,1,223080,0.4949435180204411,110958,112122,True,False,False
london_ny,always_on,always_cci30_velocity,5,223572,0.49485177034691286,111225,112347,True,False,False
london_ny,always_on,always_cci30_velocity,10,223701,0.49465581289310284,111296,112405,True,False,False
london_ny,always_on,always_cci30_velocity,20,223763,0.4963331739384974,111309,112454,True,False,False
london_ny,always_on,always_close_vs_ema8,1,223080,0.489492558723328,114086,108994,True,False,False
london_ny,always_on,always_close_vs_ema8,5,223572,0.48707351546705313,114340,109232,True,False,False
london_ny,always_on,always_close_vs_ema8,10,223701,0.4858494150674338,114414,109287,True,False,False
london_ny,always_on,always_close_vs_ema8,20,223763,0.4903134119581879,114436,109327,True,False,False
london_ny,event,single_stoch_ema_A,1,1613,0.5579665220086795,807,806,False,False,False
london_ny,event,single_stoch_ema_A,5,1616,0.6280940594059405,809,807,False,True,False
london_ny,event,single_stoch_ema_A,10,1619,0.6534898085237801,810,809,False,True,False
london_ny,event,single_stoch_ema_A,20,1619,0.6460778258184064,809,810,False,True,False
london_ny,event,single_rsi2_ema_A,1,2012,0.5521868787276342,1108,904,False,False,False
london_ny,event,single_rsi2_ema_A,5,2018,0.5916749256689792,1112,906,False,False,False
london_ny,event,single_rsi2_ema_A,10,2019,0.6225854383358098,1112,907,False,True,False
london_ny,event,single_rsi2_ema_A,20,2020,0.6108910891089109,1112,908,False,True,False
london_ny,event,single_stoch_ema_B,1,1187,0.5256950294860994,611,576,False,False,False
london_ny,event,single_stoch_ema_B,5,1185,0.5755274261603376,608,577,False,False,False
london_ny,event,single_stoch_ema_B,10,1188,0.6077441077441077,611,577,False,True,False
london_ny,event,single_stoch_ema_B,20,1188,0.6734006734006734,610,578,False,True,False
london_ny,event,single_rsi2_ema_B,1,1725,0.5101449275362319,1066,659,True,False,False
london_ny,event,single_rsi2_ema_B,5,1730,0.5549132947976878,1069,661,False,False,False
london_ny,event,single_rsi2_ema_B,10,1730,0.6023121387283237,1068,662,False,True,False
london_ny,event,single_rsi2_ema_B,20,1729,0.6223250433776749,1067,662,False,True,False
london_ny,event,single_ema_pull_B,1,8578,0.5033807414315691,5059,3519,True,False,False
london_ny,event,single_ema_pull_B,5,8599,0.5109896499592976,5072,3527,True,False,False
london_ny,event,single_ema_pull_B,10,8603,0.5273741718005347,5075,3528,False,False,False
london_ny,event,single_ema_pull_B,20,8605,0.5308541545613016,5075,3530,False,False,False
london_ny,event,single_sma_outer_C,1,19239,0.513332293778263,11806,7433,True,False,False
london_ny,event,single_sma_outer_C,5,19290,0.523950233281493,11840,7450,False,False,False
london_ny,event,single_sma_outer_C,10,19301,0.5361380239365836,11850,7451,False,False,False
london_ny,event,single_sma_outer_C,20,19308,0.541692562668324,11856,7452,False,False,False
london_ny,event,agree_seA_r2A,1,342,0.5672514619883041,178,164,False,False,False
london_ny,event,agree_seA_r2A,5,341,0.624633431085044,177,164,False,True,False
london_ny,event,agree_seA_r2A,10,343,0.6763848396501457,178,165,False,True,False
london_ny,event,agree_seA_r2A,20,344,0.6424418604651163,178,166,False,True,False
london_ny,event,agree_seB_r2B_epB,1,1204,0.5141196013289037,739,465,True,False,False
london_ny,event,agree_seB_r2B_epB,5,1206,0.5696517412935324,738,468,False,False,False
london_ny,event,agree_seB_r2B_epB,10,1207,0.6188898094449047,739,468,False,True,False
london_ny,event,agree_seB_r2B_epB,20,1206,0.6293532338308457,738,468,False,True,False
london_ny,event,agree_2of_top4,1,420,0.5785714285714286,221,199,False,False,False
london_ny,event,agree_2of_top4,5,419,0.639618138424821,220,199,False,True,False
london_ny,event,agree_2of_top4,10,421,0.665083135391924,221,200,False,True,False
london_ny,event,agree_2of_top4,20,422,0.6587677725118484,221,201,False,True,False
london_ny,event,agree_seA_r2A_atr,1,178,0.5674157303370787,81,97,False,False,False
london_ny,event,agree_seA_r2A_atr,5,178,0.6741573033707865,81,97,False,True,False
london_ny,event,agree_seA_r2A_atr,10,179,0.6480446927374302,81,98,False,True,False
london_ny,event,agree_seA_r2A_atr,20,180,0.6666666666666666,82,98,False,True,False
london_ny,event,agree_strict3_seA_r2A_epA,1,153,0.5098039215686274,79,74,True,False,False
london_ny,event,agree_strict3_seA_r2A_epA,5,152,0.5789473684210527,79,73,False,False,False
london_ny,event,agree_strict3_seA_r2A_epA,10,155,0.6258064516129033,80,75,False,True,False
london_ny,event,agree_strict3_seA_r2A_epA,20,154,0.5974025974025974,79,75,False,False,False
london_ny,event,event_cci100_extreme_vel,1,92862,0.4943356809028451,45957,46905,True,False,False
london_ny,event,event_cci100_extreme_vel,5,93078,0.4947033670684802,46069,47009,True,False,False
london_ny,event,event_cci100_extreme_vel,10,93120,0.49424398625429555,46101,47019,True,False,False
london_ny,event,event_cci100_extreme_vel,20,93149,0.4938324619695327,46112,47037,True,False,False
