symbol,combo,variant,n_trades,total_return_pct,cagr_pct,max_dd_pct,sharpe,win_rate_pct,profit_factor,avg_bars,score,pct_tp,pct_sl,pct_signal,long_pnl,short_pnl,oos_ret,oos_pf,oos_sharpe,oos_trades,oos_score,pos_folds,n_folds,blend
EURUSD,30m+4h,atr_mid,21,9.270079268174225,1.670791682971684,-2.2189189189187775,0.6926240557370325,52.38095238095239,2.386934742430025,5.761904761904762,7.448040606966673,42.857142857142854,23.809523809523807,33.33333333333333,7378.509876381413,1891.5693917928181,8.965692931870128,4.66438716836303,1.0110664198057988,15,9.1062565590274,3,3,8.360059380600074
EURUSD,30m+4h,thr_0.5_soft,40,13.909662083724662,2.464078742524234,-2.8525895223524,0.6888101844528468,47.5,1.841782290043027,5.9,6.157639859570134,42.5,32.5,25.0,9544.854150415742,4364.807933308918,13.67343855291805,2.358975640126127,0.8943582319559595,29,7.6962230137153735,3,3,7.003860594350016
EURUSD,30m+4h,thr_0.5_hard,39,18.082021635267065,3.155348047862061,-2.970100000000009,0.7912084330401146,53.84615384615385,1.9086828473378314,9.282051282051283,6.606259417130149,53.84615384615385,46.15384615384615,0.0,7246.6271898351115,10835.394445431983,13.691555480668095,2.0674108289643027,0.8248488079583646,29,7.009010424672833,3,3,6.827772471278625
EURUSD,1h+1d,nm_5_15_soft,38,13.853047442943712,2.475285441517583,-3.3160115934999568,0.7249594954309521,50.0,1.8977966741004086,5.631578947368421,6.343671045296802,42.10526315789473,34.21052631578947,23.684210526315788,3952.764522176444,9900.282920767277,9.103930620070532,2.130539615505794,0.7702774022726526,24,7.007534640621272,3,3,6.708796022725261
EURUSD,1h+1d,nm_5_15_hard,37,14.242213890611355,2.5412096296587583,-3.3160115934999457,0.6770824363237061,51.35135135135135,1.7439243880583803,7.135135135135135,5.870019540930593,51.35135135135135,48.64864864864865,0.0,4626.704611013737,9615.509279597602,11.660046036064697,2.1274791961347006,0.8497949216733653,23,7.146251235140097,3,3,6.57194697274582
EURUSD,30m+4h,v1_soft_min4,36,11.09514688764519,1.986054765508971,-2.8525895223524,0.6110843767514842,50.0,1.7213283406853377,6.333333333333333,5.640763066851596,41.66666666666667,36.11111111111111,22.22222222222222,5925.895014970444,5169.2518726747885,10.601760001511384,2.1561191129098747,0.7670909632191761,26,7.0688922706636275,3,3,6.426234128948214
EURUSD,30m+4h,atr_low,20,5.932177733510868,1.082953459995184,-2.2189189189187886,0.4307035209380334,45.0,1.638239119391147,4.3,4.9847024490782115,45.0,40.0,15.0,2147.9853986776116,3784.1923348332234,8.15006443766264,2.1863676823036284,0.7644577376096577,17,7.100922615398369,3,3,6.148623540554299
EURUSD,1h+1d,thr_0.4_soft,40,13.634343662744385,2.4471028129826378,-2.5274554302670893,0.7738878335649534,47.5,1.8252998437302466,8.8,6.297339378197056,42.5,32.5,25.0,6531.011251680331,7103.332411064075,11.92819054959987,2.3001540440751587,0.9511692937696317,27,5.146343934300764,2,3,5.664291884054096
EURUSD,30m+4h,nm_5_20_hard,36,12.369390712076411,2.203680874621061,-2.9700999999999977,0.6109535618174895,50.0,1.639433899835865,9.694444444444445,5.455374687466169,50.0,50.0,0.0,3605.903422947832,8763.48728912859,8.549070964592076,1.6693634730250766,0.5923674426075007,26,5.812768819607325,3,3,5.651941460143805
EURUSD,30m+4h,v1_hard_htf55,36,12.369390712076411,2.203680874621061,-2.9700999999999977,0.6109535618174895,50.0,1.639433899835865,9.694444444444445,5.455374687466169,50.0,50.0,0.0,3605.903422947832,8763.48728912859,8.549070964592076,1.6693634730250766,0.5923674426075007,26,5.812768819607325,3,3,5.651941460143805
EURUSD,30m+4h,thr_0.55_hard,36,12.369390712076411,2.203680874621061,-2.9700999999999977,0.6109535618174895,50.0,1.639433899835865,9.694444444444445,5.455374687466169,50.0,50.0,0.0,3605.903422947832,8763.48728912859,8.549070964592076,1.6693634730250766,0.5923674426075007,26,5.812768819607325,3,3,5.651941460143805
EURUSD,30m+4h,exit_thr_0.3,37,7.106090055214276,1.2913863977483286,-3.0800249314974826,0.4251128473541952,43.24324324324324,1.4557482065772713,5.486486486486487,4.51471676568098,35.13513513513514,32.432432432432435,32.432432432432435,5859.754117044994,1246.335938169295,9.043410975990929,1.9675999493287888,0.6973013787801544,26,6.571586076587719,3,3,5.645994886679686
EURUSD,30m+4h,exit_thr_0.5,37,8.398883651427425,1.5187889245848352,-2.8525895223524,0.48206607386487593,43.24324324324324,1.5212913297399102,6.027027027027027,4.829708668990456,37.83783783783784,35.13513513513514,27.027027027027028,5910.276662785038,2488.606988642389,8.504090302801327,1.8269187801708056,0.6582119273237195,26,6.226196354355204,3,3,5.597776895941068
EURUSD,30m+4h,nm_5_20_soft,37,8.398883651427425,1.5187889245848352,-2.8525895223524,0.48206607386487593,43.24324324324324,1.5212913297399102,6.027027027027027,4.829708668990456,37.83783783783784,35.13513513513514,27.027027027027028,5910.276662785038,2488.606988642389,8.504090302801327,1.8269187801708056,0.6582119273237195,26,6.226196354355204,3,3,5.597776895941068
EURUSD,30m+4h,thr_0.55_soft,37,8.398883651427425,1.5187889245848352,-2.8525895223524,0.48206607386487593,43.24324324324324,1.5212913297399102,6.027027027027027,4.829708668990456,37.83783783783784,35.13513513513514,27.027027027027028,5910.276662785038,2488.606988642389,8.504090302801327,1.8269187801708056,0.6582119273237195,26,6.226196354355204,3,3,5.597776895941068
EURUSD,30m+4h,v1_soft_htf55,37,8.398883651427425,1.5187889245848352,-2.8525895223524,0.48206607386487593,43.24324324324324,1.5212913297399102,6.027027027027027,4.829708668990456,37.83783783783784,35.13513513513514,27.027027027027028,5910.276662785038,2488.606988642389,8.504090302801327,1.8269187801708056,0.6582119273237195,26,6.226196354355204,3,3,5.597776895941068
EURUSD,1h+1d,thr_0.4_hard,40,13.834940398091167,2.4812859003288112,-4.0041396522757395,0.7111050253640407,50.0,1.6760788845136798,11.75,5.728899087360317,50.0,50.0,0.0,5759.591797553241,8075.348600537862,13.26558787371469,2.2803786909531794,1.007302452499702,27,5.204366939393059,2,3,5.440406405978326
EURUSD,30m+4h,rr_1.0_2.5,37,8.363809630461638,1.512648577286746,-5.3318575937062125,0.3819091516613405,35.13513513513514,1.4169594097993916,5.162162162162162,4.243900140745082,29.72972972972973,45.94594594594595,24.324324324324326,4151.138540803418,4212.671089658271,10.24081585663168,1.8715578044701833,0.6094222846445063,26,6.259657194473443,3,3,5.352566520295682
EURUSD,30m+4h,exit_thr_0.7,37,7.701833424760163,1.396453393137298,-2.9700999999999977,0.4414280245825952,43.24324324324324,1.4607587558257393,6.216216216216216,4.577284607224741,37.83783783783784,37.83783783783784,24.324324324324326,5248.7280138943515,2453.1054108658245,7.8441839427787485,1.724277764462689,0.6144586166996479,26,5.9486852934026375,3,3,5.331554984622585
EURUSD,30m+4h,rr_1.2_2.4,37,6.16302794857686,1.1240896911391296,-5.649961667833104,0.3291679099545513,37.83783783783784,1.3344190436765457,5.351351351351352,3.8721459046803486,32.432432432432435,43.24324324324324,24.324324324324326,4819.056508917272,1343.971439659531,8.991563525193014,1.8295759442531518,0.6541776436772907,26,6.23033398927417,3,3,5.169149351206951
EURUSD,30m+4h,exit_thr_1.0,36,7.160844742194272,1.3010628917425882,-2.9700999999999977,0.4067644681217843,44.44444444444444,1.417099864293667,6.583333333333333,4.386990491821621,38.88888888888889,41.66666666666667,19.444444444444446,4681.722028082134,2479.1227141121385,7.220269797857015,1.6494049191001698,0.5477290900314645,26,5.692606171226107,3,3,5.105079115494089
EURUSD,30m+4h,thr_0.65_soft,28,4.297048514725277,0.7894771331699912,-3.546695692428947,0.2939841032594652,42.857142857142854,1.3295593595853092,5.892857142857143,3.8484727911552614,35.714285714285715,39.285714285714285,25.0,852.8442699533973,3444.204244771913,4.860496802390557,1.5397517150114122,0.5019135719575002,21,5.38097875598298,3,3,4.691351071810507
EURUSD,30m+4h,rrh_1.0_2.5,36,5.66497510262407,1.0352483191620632,-6.364482132926808,0.25434554489944294,33.33333333333333,1.2360784010279746,7.25,3.4299624877749633,33.33333333333333,66.66666666666666,0.0,2182.0881030020337,3482.886999622026,8.860684054751221,1.7106376905844969,0.4231126309554808,26,5.644551168149727,3,3,4.6479862619810834
EURUSD,30m+4h,nm_5_15_hard,64,4.901233514209968,0.8979657691427168,-10.525585027367935,0.2166924362070072,40.625,1.1302838102864288,11.171875,2.894839817045889,40.625,59.375,0.0,-6349.134354718458,11250.367868928428,13.202916340977342,1.534454827893643,0.7016054156039285,48,5.753346942602952,3,3,4.467018736102274
EURUSD,1h+1d,exit_thr_0.5,32,8.34132857833827,1.5269498841051332,-2.6905162489980206,0.5091781773788598,43.75,1.6085173046728538,9.0,5.103950375556719,40.625,34.375,25.0,619.9441203134816,7721.384458024798,7.560286495773482,1.9029082673620366,0.6819844473424422,21,3.904396070695471,2,3,4.444195507883033
EURUSD,1h+1d,v1_soft_htf55,32,8.34132857833827,1.5269498841051332,-2.6905162489980206,0.5091781773788598,43.75,1.6085173046728538,9.0,5.103950375556719,40.625,34.375,25.0,619.9441203134816,7721.384458024798,7.560286495773482,1.9029082673620366,0.6819844473424422,21,3.904396070695471,2,3,4.444195507883033
EURUSD,1h+1d,thr_0.55_soft,32,8.34132857833827,1.5269498841051332,-2.6905162489980206,0.5091781773788598,43.75,1.6085173046728538,9.0,5.103950375556719,40.625,34.375,25.0,619.9441203134816,7721.384458024798,7.560286495773482,1.9029082673620366,0.6819844473424422,21,3.904396070695471,2,3,4.444195507883033
EURUSD,1h+1d,nm_5_20_soft,32,8.34132857833827,1.5269498841051332,-2.6905162489980206,0.5091781773788598,43.75,1.6085173046728538,9.0,5.103950375556719,40.625,34.375,25.0,619.9441203134816,7721.384458024798,7.560286495773482,1.9029082673620366,0.6819844473424422,21,3.904396070695471,2,3,4.444195507883033
EURUSD,1h+1d,v1_soft_min4,32,8.32542659790052,1.5241310326346236,-2.7047990118856613,0.5082638799382244,43.75,1.6067538823249699,9.84375,5.096681047052601,40.625,34.375,25.0,619.5948455259627,7705.831752374552,7.545661407940585,1.9029082673620366,0.6789120417789621,21,3.8996412114719226,2,3,4.438309137483229
EURUSD,1h+1d,thr_0.65_soft,28,6.946505516762325,1.27841184162929,-2.6905162489980206,0.4648995884032129,42.857142857142854,1.5988276267239694,8.964285714285714,4.9592725415016945,39.285714285714285,32.142857142857146,28.57142857142857,906.7305707215512,6039.774946040767,6.2175439524397085,2.0102773537002023,0.6070087825159743,17,3.993243320698763,2,3,4.427956470060082
EURUSD,30m+4h,rr_1.5_2.0,37,3.527858187227517,0.6501256440607062,-2.9062154111349714,0.24631301459793786,43.24324324324324,1.2239946281115044,5.783783783783784,3.5148589926624387,37.83783783783784,35.13513513513514,27.027027027027028,3495.9958290208915,31.862358206657746,4.810539344087306,1.4762070327731318,0.43250910769818873,26,5.14928312053442,3,3,4.413792262992029
EURUSD,30m+4h,rrh_1.5_2.0,36,5.919378244723705,1.0806705299468478,-2.970100000000009,0.3545819669558241,50.0,1.3157985150945046,9.416666666666666,4.004542786542384,50.0,50.0,0.0,1216.3881627110627,4702.990082012651,4.1883963271765134,1.340359742498663,0.33263653452624065,26,4.721558250058452,3,3,4.398901291476221
EURUSD,1h+1d,thr_0.5_soft,33,7.851427844519532,1.4399535715663214,-2.6905162489980206,0.4802264073556566,42.42424242424242,1.5548728430523573,9.0,4.903137666782697,39.39393939393939,33.33333333333333,27.27272727272727,596.8956077135483,7254.532236806003,7.087100278794722,1.792959208575673,0.6450133423182853,22,3.6243094334167205,2,3,4.19978213843141
EURUSD,1h+1d,rr_1.5_3.0,32,7.530070609607087,1.3827129372955271,-3.6969485543744907,0.42759694705784707,37.5,1.5107318786090387,9.5,4.629777575111707,34.375,37.5,28.125,2669.4396378367574,4860.630971770309,7.570655868181054,1.873395378323639,0.5875170903978689,21,3.7037729509258916,2,3,4.120475031809509
EURUSD,1h+1d,thr_0.8_soft,24,6.651047329233983,1.2254282691538387,-2.6527525991284384,0.46844669680697,41.66666666666667,1.6472015561193902,9.375,5.079280600540673,41.66666666666667,33.33333333333333,25.0,525.3089353975251,6125.738393836469,4.47863035567787,1.7706875769076247,0.4572403875343671,15,3.2720220386735788,2,3,4.085288391513771
EURUSD,1h+1d,rr_1.2_2.4,32,7.3383868935334995,1.348503869236839,-5.993455732100317,0.39774023200648606,37.5,1.4433293008541117,7.84375,4.282898667413906,37.5,43.75,18.75,3658.811596394926,3679.5752971385855,8.63172815457649,1.898611066578815,0.6295276218322179,21,3.8278308474517218,2,3,4.032611366434705
EURUSD,30m+4h,rr_1.5_3.0,37,1.3075544612832557,0.24310382945855746,-5.583241280146279,0.09066247057257547,35.13513513513514,1.0736333370129278,6.5675675675675675,2.6493973088958214,24.324324324324326,40.54054054054054,35.13513513513514,2467.284898316596,-1159.7304370333159,5.0857850221522005,1.4711237923877953,0.4089613086218847,26,5.10654739792994,3,3,4.000829857864587
EURUSD,1h+1d,thr_0.5_hard,33,6.933128296238733,1.2760155142697238,-5.914457273195451,0.3879295137229241,45.45454545454545,1.3857290950118162,12.454545454545455,4.116121467240391,45.45454545454545,54.54545454545454,0.0,-143.70854421694435,7076.836840455665,7.359951972984247,1.8476680292873844,0.7076859535924966,22,3.830464508693357,2,3,3.9590101400395223
EURUSD,1h+1d,exit_thr_1.0,32,6.9204573641863165,1.2737454836672768,-4.029655322997083,0.4164172091041747,43.75,1.4479188901954503,9.625,4.421558024830847,40.625,43.75,15.625,-172.7150305061034,7093.172394692412,6.029300207405064,1.6882472734790936,0.5902755788832842,21,3.322200917357165,2,3,3.816911615720322
EURUSD,1h+1d,exit_thr_0.7,32,7.085299482354168,1.3032603561814904,-3.36499445839874,0.43060505857312553,43.75,1.4783041827381405,9.15625,4.562426840718749,40.625,40.625,18.75,-39.91694047057058,7125.216422824709,6.159141080674734,1.6210528487971527,0.529824968294608,21,3.098434560842965,2,3,3.757231086787068
EURUSD,1h+1d,comp_E,31,0.8372897219937947,0.15783902467356725,-6.654101748955943,0.06632791512040788,32.25806451612903,1.0476663886769793,8.806451612903226,2.4668625089253426,29.03225806451613,48.38709677419355,22.58064516129032,1627.0824929416567,-789.7927709478496,1.1411035396316942,7.701456746120801,-0.1668440284852668,19,4.761144992668417,2,3,3.7287178749840333
EURUSD,30m+4h,rr_2.0_3.0,36,-0.4420124951808435,-0.08276466800117843,-5.514414810864343,-0.02257919581012676,36.11111111111111,0.9697729607084291,7.388888888888889,2.130713019703985,25.0,27.77777777777778,47.22222222222222,1297.4931839646763,-1739.5056791455254,3.638391767812421,1.4232803869162194,0.41874591665620114,25,5.011063566494864,3,3,3.714905820438969
EURUSD,1h+1d,rr_1.5_2.0,32,5.1381939509471675,0.9522530942195129,-3.644523969808644,0.36598408750322514,43.75,1.3805835244366467,6.5625,4.135964666626578,43.75,34.375,21.875,-159.0792116520313,5297.273162599212,5.809091560298418,1.6799736348879581,0.5948652470045154,21,3.3103360558856734,2,3,3.6818689307190806
EURUSD,30m+4h,thr_0.4_hard,54,12.949746100296423,2.302134373424103,-6.522063858117855,0.5323797441505734,46.2962962962963,1.403147571890854,8.185185185185185,4.559520147128317,46.2962962962963,53.70370370370371,0.0,4347.1615303274975,8602.584569968922,8.99000302629467,1.5551923092019664,0.46076280646153933,39,2.8914288583591885,2,3,3.6420699383052964
EURUSD,30m+4h,rrh_1.5_3.0,36,8.978710049767823,1.6200647571434468,-3.9690247610981055,0.4207377912174366,41.66666666666667,1.40832521338276,10.805555555555555,4.379411578832223,41.66666666666667,58.333333333333336,0.0,2847.890522062047,6130.819527705791,6.845322649515051,1.464766851246289,0.48453959687737724,26,2.724796324303794,2,3,3.4693731888415873
EURUSD,1h+1d,v1_hard_htf55,32,5.180126193021706,0.9598675930899914,-5.914457273195451,0.30265992334747,43.75,1.2893056464675003,12.28125,3.6684636230643526,43.75,56.25,0.0,-243.19091434359643,5423.3171073652875,5.638409881006057,1.6748697515111266,0.572347807544862,21,3.2646453131496074,2,3,3.446363552611243
EURUSD,1h+1d,nm_5_20_hard,32,5.180126193021706,0.9598675930899914,-5.914457273195451,0.30265992334747,43.75,1.2893056464675003,12.28125,3.6684636230643526,43.75,56.25,0.0,-243.19091434359643,5423.3171073652875,5.638409881006057,1.6748697515111266,0.572347807544862,21,3.2646453131496074,2,3,3.446363552611243
EURUSD,1h+1d,thr_0.55_hard,32,5.180126193021706,0.9598675930899914,-5.914457273195451,0.30265992334747,43.75,1.2893056464675003,12.28125,3.6684636230643526,43.75,56.25,0.0,-243.19091434359643,5423.3171073652875,5.638409881006057,1.6748697515111266,0.572347807544862,21,3.2646453131496074,2,3,3.446363552611243
EURUSD,30m+4h,rrh_2.0_3.0,34,5.898590259869607,1.076962285443095,-3.97629769525214,0.3564677971057436,47.05882352941176,1.3223397126092535,12.794117647058824,3.971941796169406,47.05882352941176,52.94117647058824,0.0,870.5873048873252,5028.002954982283,5.9323680349768315,1.5739069085414334,0.535738500627503,24,3.0107452483738895,2,3,3.443283694881872
EURUSD,30m+4h,thr_0.4_soft,55,6.281472538309862,1.145167636860256,-5.012566283976627,0.298272082988942,40.0,1.219468696616421,5.090909090909091,3.5752170440863025,36.36363636363637,43.63636363636363,20.0,6451.258106770432,-169.7855684605463,9.033306937962506,1.7404386407548373,0.463165846336316,39,3.2659591203937737,2,3,3.405125186055412
EURUSD,1h+1d,thr_0.65_hard,28,3.826001524637035,0.7127177684488339,-5.914457273195451,0.2437428723060891,42.857142857142854,1.2410482994735197,12.714285714285714,3.3989036601289455,42.857142857142854,57.14285714285714,0.0,28.45014513975275,3797.5513794972712,4.297540865381122,1.6858198509626816,0.47705628948718465,17,3.130199544809952,2,3,3.251116396703499
EURUSD,30m+4h,cross2_hard55,49,6.791263747738974,1.2356706989143484,-7.456843219536646,0.3194890968027281,42.857142857142854,1.2366955375258077,9.26530612244898,3.542700151397923,42.857142857142854,57.14285714285714,0.0,1687.9845086337607,5103.279239105206,7.7742300292421795,1.600466071403942,0.44691257697383435,35,2.9490433085610572,2,3,3.216188887837647
EURUSD,1h+1d,rr_2.0_3.0,32,3.3205389147638043,0.6197924536023303,-4.232650691403506,0.24466929360270584,37.5,1.2538910155591854,10.75,3.510844369828476,34.375,34.375,31.25,704.4442086164536,2616.0947061473526,4.670791280890296,1.558989162988063,0.4513305103212758,21,2.841682004266943,2,3,3.1428050687696327
EURUSD,1h+1d,rrh_1.2_2.4,32,3.730376232346999,0.6951659895472417,-8.7299193587826,0.2076030050498957,37.5,1.190449966354371,9.28125,3.061442482693529,37.5,62.5,0.0,1977.0393005251833,1753.336931821793,5.9764005984761726,1.6886985838386248,0.5074633706665533,21,3.198356229661841,2,3,3.136745043526101
EURUSD,1h+1d,rrh_1.5_3.0,32,3.7303762323463996,0.6951659895471307,-7.780517946653931,0.20760300504986873,37.5,1.189342698535899,12.84375,3.1061443837537164,37.5,62.5,0.0,2035.4211980173832,1694.9550343290455,5.945207198056202,1.634580284088724,0.5314674136019457,21,3.125813760560929,2,3,3.116962540997683
EURUSD,30m+4h,thr_0.65_hard,28,6.622661498364968,1.2057777501704336,-3.31601159349999,0.38978932738350464,46.42857142857143,1.4163003327169177,9.0,4.314982136851603,46.42857142857143,53.57142857142857,0.0,-1577.6978119291111,8200.359310294045,2.85897041521761,1.2472328265529968,0.3165560020067303,21,1.9978893602682648,2,3,3.040581109730767
EURUSD,30m+4h,pullback_soft55,90,-1.2252085435919602,-0.23015085003729174,-9.017195678504287,-0.028083363445963887,34.44444444444444,0.9725183591908965,7.4,1.9897652162882598,28.888888888888886,44.44444444444444,26.666666666666668,-1738.2643700518765,513.0558264599391,2.2038295813856967,1.0672237808259062,0.14194227388909056,67,3.869399268299305,3,3,3.023563944894335
EURUSD,1h+1d,rrh_2.0_3.0,32,2.79171080091154,0.5221761636370337,-6.376414921140816,0.1824896799096202,43.75,1.1565201476051719,14.8125,3.0252931987933604,43.75,56.25,0.0,1019.6216950319288,1772.0891058796178,3.9803412475584388,1.587078283203724,0.4691914650189152,21,2.917747176411405,2,3,2.966142886483285
EURUSD,30m+4h,comp_F,36,4.535954401035136,0.8325887771025053,-4.48433918273583,0.2449346554992736,41.66666666666667,1.2236580010640525,8.61111111111111,3.4515164425425895,30.555555555555557,52.77777777777778,0.0,4002.982715072778,532.9716859623231,5.511407405822499,1.4338080788206453,0.3857671725369061,26,2.5013809905048747,2,3,2.9289419439218465
EURUSD,30m+4h,rrh_1.2_2.4,36,2.6624699344279357,0.49233634315302144,-6.821240756668612,0.14588841561322974,36.11111111111111,1.1168779220897382,7.75,2.832158997305933,36.11111111111111,63.888888888888886,0.0,2684.4461429319213,-21.976208504017904,6.847163459236105,1.5472848041559324,0.41852641240858807,26,2.790830861517108,2,3,2.8094285226220794
EURUSD,1h+1d,exit_thr_0.3,33,2.077120893072193,0.3896211754054635,-4.8511257977644,0.15597214090745057,39.39393939393939,1.1497288552425304,7.757575757575758,3.018252547894451,27.27272727272727,33.33333333333333,39.39393939393939,-2019.948851840163,4097.069744912364,4.302112581516237,1.4504342855101202,0.3970813889392897,22,2.5395117802443377,2,3,2.7549451256868887
EURUSD,1h+1d,comp_F,32,2.3995400832198532,0.4495221372736724,-6.548347764646878,0.1481468312819306,37.5,1.1302129787944015,11.3125,2.8743995229819177,31.25,56.25,0.0,350.6298294055548,2048.910253814271,4.556983068978138,1.4326939286385574,0.4170217489276437,21,2.536490311358362,2,3,2.6885494565889623
EURUSD,1h+1d,rr_1.0_2.5,32,2.2351440280533375,0.4189987962244013,-9.637079047971298,0.12723082538441588,31.25,1.1142572687092442,6.65625,2.6349537507044443,28.125,56.25,15.625,3672.4352714422093,-1437.291243388871,5.95744596207094,1.564155959903684,0.36254275764934335,21,2.7317005159020926,2,3,2.6881644715631507
EURUSD,30m+4h,comp_E,49,5.28028868867072,0.9663956054912548,-8.312843062580521,0.2524530414090928,36.734693877551024,1.197510234377319,7.918367346938775,3.2376452894058714,30.612244897959183,44.89795918367347,24.489795918367346,3751.0185825266394,1529.2701061440403,4.910294925332738,1.5071861001708984,0.10819440979741474,35,2.2257667642912464,2,3,2.681112100592828
EURUSD,30m+4h,nm_5_30_soft,24,-1.1472608721042166,-0.2156234344847019,-5.192372370800847,-0.06693294205651705,37.5,0.9217653834984324,4.75,1.9119837386509202,33.33333333333333,62.5,4.166666666666666,-3965.766269331666,2818.5053972274345,4.2849690501501,1.7401003860361655,0.2997105324201312,17,2.9726162612040286,2,3,2.49533162605513
EURUSD,30m+4h,cross2_soft55,49,3.268982245490526,0.6030366569911516,-9.019855628361494,0.180489373581896,36.734693877551024,1.127936274607627,6.836734693877551,2.8442062971745954,34.69387755102041,42.857142857142854,22.448979591836736,1767.3547815294314,1501.6274639611065,4.267759418731054,1.4799122497315256,0.12090640551479022,35,2.183861701922547,2,3,2.4810167697859686
EURUSD,1h+1d,thr_0.8_hard,24,2.4893103171532482,0.46617296674675845,-4.900995009999987,0.1765687675600251,41.66666666666667,1.1767924899441362,12.5,3.1238552158234563,41.66666666666667,58.333333333333336,0.0,-1392.9660038390682,3882.2763209922673,0.9266427785061815,1.252362604739602,0.18328781207785946,15,1.7889233553810548,2,3,2.3896426925801357
EURUSD,1h+1d,rrh_1.5_2.0,32,0.45373920677345136,0.08566763790918142,-6.836857955206144,0.04356411727048057,43.75,1.025748999793221,9.0625,2.3507326203991754,43.75,56.25,0.0,-2628.2322958535615,3081.971502627032,2.2569120330506287,1.3379443638151491,0.3386322410624176,21,2.206406209554431,2,3,2.2713530944345663
EURUSD,30m+4h,nm_5_30_hard,24,-2.816666769515952,-0.5330450489046901,-6.793465209301008,-0.18353561510663505,33.33333333333333,0.8176970393687318,6.166666666666667,1.3051647723531898,33.33333333333333,66.66666666666666,0.0,-3931.731137533042,1115.0643680171079,4.2849690501501,1.7401003860361655,0.2997105324201312,17,2.9726162612040286,2,3,2.2222630912211514
EURUSD,30m+4h,thr_0.8_soft,25,1.141736077624378,0.2124162131299956,-4.363679450406622,0.0940377784052399,40.0,1.0899016849876504,5.88,2.742480518311762,32.0,44.0,24.0,835.3946457845526,306.3414318398444,1.5068558121283049,1.1717441527201946,0.20247607391998046,19,1.6622709744416433,2,3,2.1483652691831967
EURUSD,1h+1d,cross2_soft55,31,0.22126935342419163,0.04181575722572717,-6.4355929620764085,0.028611356759931428,35.483870967741936,1.0145946561233712,7.612903225806452,2.3073550927929545,29.03225806451613,35.483870967741936,35.483870967741936,810.9569737892883,-589.6876203651107,-1.2931344937998297,inf,-0.393261284370049,19,1.8971767285069285,1,3,2.0817569924356403
EURUSD,1h+1d,rrh_1.0_2.5,32,-0.8884508735897967,-0.16865969039181472,-11.438280745101448,-0.02403597843341481,28.125,0.960000641690092,7.28125,1.794246592631532,28.125,71.875,0.0,1630.6484308878994,-2519.0993044777097,3.354751098412967,1.3443826096289266,0.25936793710960676,21,2.1113646359063925,2,3,1.9686615164327055
EURUSD,1h+1d,nm_4_16_hard,48,-3.009997352689564,-0.5746395559703577,-11.361512828387077,-0.12420921315919616,35.41666666666667,0.9055131688632958,8.395833333333334,1.4350889073667021,35.41666666666667,64.58333333333334,0.0,-4625.395646009162,1615.3982933195896,-1.4276684317746646,1.1555441227414511,-0.3336065433155569,31,0.7964017461918202,2,3,1.083810968720517
EURUSD,30m+4h,nm_5_15_soft,64,-7.545747222625565,-1.4550967175875562,-11.216333004178002,-0.37650097882215144,34.375,0.7601966456183628,5.859375,0.4997580617401925,23.4375,42.1875,34.375,-11169.457290560666,3623.710067935068,1.1992089625203368,1.202990837676536,0.06438607865284263,48,1.5145528829575392,2,3,1.0578952134097332
EURUSD,30m+4h,thr_0.8_hard,25,1.4644172139820055,0.27209647964163697,-5.577842280926704,0.10658291851969875,40.0,1.0946347969836192,8.96,2.7251490597317507,40.0,60.0,0.0,-1494.111410907704,2958.528624889745,-0.47243073913020295,0.9852169000751383,0.030642020162231543,19,-1.4883274769976782,1,3,0.40773696453056485
EURUSD,1h+1d,no_exhaust_1.5,24,-0.47219899640322804,-0.0894882483004622,-4.4963964355608566,-0.02508523354086437,33.33333333333333,0.9604720384177563,8.208333333333334,2.1407458272565547,29.166666666666668,41.66666666666667,29.166666666666668,169.3481547058484,-641.5471511090441,0.7991629452919535,1.0311326217756462,0.03383777380341736,17,-1.378986466290662,1,3,0.20489306580558553
EURUSD,1h+1d,no_exhaust_1.0,24,-0.47219899640322804,-0.0894882483004622,-4.4963964355608566,-0.02508523354086437,33.33333333333333,0.9604720384177563,8.208333333333334,2.1407458272565547,29.166666666666668,41.66666666666667,29.166666666666668,169.3481547058484,-641.5471511090441,0.7991629452919535,1.0311326217756462,0.03383777380341736,17,-1.378986466290662,1,3,0.20489306580558553
EURUSD,1h+1d,cross2_hard55,31,0.7422654533537631,0.13997940302696854,-8.382274787341004,0.0601303937788687,38.70967741935484,1.037232003981907,12.516129032258064,2.34007236721253,38.70967741935484,61.29032258064516,0.0,-617.0579797641085,1359.323433117845,-2.9788782792931627,1.0387318112760398,-0.493252287973604,19,-2.192203592201258,1,3,-0.1526794104650535
EURUSD,1h+1d,nm_4_16_soft,49,-5.866505467959859,-1.133518849590598,-10.741740577281222,-0.3062663219565178,28.57142857142857,0.7882217637918758,5.979591836734694,0.7526046273433957,26.53061224489796,44.89795918367347,28.57142857142857,-6957.194905493838,1090.6894375340016,-4.9096102516975275,0.9599340433014579,-0.6025868986716263,31,-2.533108363921499,1,3,-1.0545375178522964
EURUSD,30m+4h,nm_3_12_hard,177,-25.207287259268586,-5.2752649435713455,-25.610371143981283,-0.7053808803592998,31.63841807909605,0.7515797496928357,12.32768361581921,-1.1394766888709462,31.63841807909605,68.36158192090396,0.0,-22416.457650013283,-2790.8296092553305,-10.650552065652152,0.8805641052774574,-0.3449817524582808,130,-2.3628499387890276,1,3,-1.8123319763258912
EURUSD,1h+1d,pullback_soft55,49,-9.971049640663466,-1.967210912277817,-13.364983268152963,-0.5744015961816561,28.57142857142857,0.6481032900426722,6.122448979591836,-0.34721512347754907,22.448979591836736,48.97959183673469,28.57142857142857,-3502.3962505902564,-6468.653390073241,-7.0932353504457915,0.647355826698662,-0.7024148752951176,30,-3.3298430130498105,1,3,-1.987660462742293
EURUSD,1h+1d,nm_3_12_soft,145,-21.160904654357616,-4.375487752217766,-27.377693518013015,-0.7853104360040134,31.724137931034484,0.6785668415834895,4.379310344827586,-1.5213065370371062,20.0,42.758620689655174,37.24137931034483,-12527.615608143997,-8633.289046213526,-12.947280565335241,0.7724687607115719,-0.6023829603514689,112,-2.988109724757412,1,3,-2.3280482902832746
EURUSD,1h+1d,nm_3_12_hard,131,-22.38492285923033,-4.65663528942758,-28.44669199265626,-0.7451413486215209,30.53435114503817,0.7193099369401407,9.534351145038167,-1.4310409117101097,30.53435114503817,69.46564885496184,0.0,-9949.255950463794,-12435.66690876654,-16.26175655433193,0.7638293192730264,-0.6938534257354162,99,-3.175739065600391,1,3,-2.3906248963497645
EURUSD,30m+4h,nm_4_16_hard,79,-23.078423974963602,-4.784265998740144,-23.57518527070407,-0.9791817028983111,25.31645569620253,0.5437734515147186,8.50632911392405,-2.160257520044301,25.31645569620253,74.68354430379746,0.0,-10106.009690052317,-12972.41428491125,-14.229885449893263,0.69990219342151,-0.7092520879500208,65,-3.3063725995809436,1,3,-2.7906208137894546
EURUSD,30m+4h,nm_3_12_soft,191,-31.736637836978133,-6.87611799801685,-32.402760573620824,-1.146139612022224,27.748691099476442,0.5956120186089272,5.858638743455497,-2.574840738898286,17.277486910994764,36.64921465968586,46.07329842931937,-21544.034966686275,-10192.60287029192,-16.996200531718973,0.7378778097261525,-0.7261499336870694,139,-5.783431286395489,0,3,-4.339565540021748
EURUSD,30m+4h,nm_4_16_soft,80,-28.490966463931457,-6.073502888162874,-28.490966463931457,-1.5971779858878217,18.75,0.3278862708039249,4.8375,-3.09465197546539,12.5,50.0,37.5,-11201.429827412143,-17289.536636519315,-23.008454915227837,0.4561144727229253,-1.5370494410620756,66,-6.817855603706428,0,3,-5.1424139709979615
EURUSD,30m+4h,no_exhaust_1.5,21,4.067946174445591,0.7480590969276113,-2.831299414821875,0.3158047952644184,42.857142857142854,1.4146280264893172,6.523809523809524,4.128973609499948,38.095238095238095,38.095238095238095,23.809523809523807,4304.939660904695,-236.99348645911806,4.61998251844693,1.8849108187216357,0.5153240824921692,14,-13.910992413634006,3,3,-5.793007703223727
EURUSD,30m+4h,short_only_soft55,22,2.313845487373878,0.42846470057322783,-3.5609596822111067,0.19392702140563253,36.36363636363637,1.238499950582699,6.7727272727272725,3.374332844904935,31.818181818181817,36.36363636363637,31.818181818181817,0.0,2313.845487373861,5.008816182080156,2.889723824671805,0.5962814907006765,14,-14.276041952784574,2,3,-6.3333732938242955
EURUSD,1h+1d,atr_mid,20,5.651689481757893,1.0453299827204443,-2.915425266739813,0.4151495175982331,50.0,1.5881554486599558,9.85,4.787950183144523,45.0,45.0,10.0,-4089.160800102747,9740.850281860634,4.64966538655156,2.0114379054892164,0.5934133606755861,13,-16.040507494142673,2,3,-6.667701539363437
EURUSD,1h+1d,atr_high,21,3.1683954763127575,0.5917499127789938,-2.438043510261012,0.270433205350132,38.095238095238095,1.3685986199485773,10.80952380952381,3.924828694584912,33.33333333333333,28.57142857142857,38.095238095238095,-1542.7528504305353,4711.148326743267,2.239877940309387,1.5272666746258825,0.17173826297928804,13,-20.16546047687621,1,3,-9.324830349718706
EURUSD,30m+4h,nm_8_24_hard,13,14.469933379544742,2.5589722279930394,-1.9900000000000029,1.050067752447158,76.92307692307693,5.436210711378167,14.76923076923077,-50.0,76.92307692307693,23.076923076923077,0.0,9426.28003755682,5043.653341987896,12.12046885879634,inf,1.1124953324150069,12,-10.710052312789525,3,3,-28.390528772034237
EURUSD,30m+4h,nm_8_24_soft,13,9.14463759034707,1.6495333365523113,-1.7025546689716453,0.8053920993304184,61.53846153846154,3.7661923761028695,11.0,-50.0,53.84615384615385,15.384615384615385,30.76923076923077,8447.462691670757,697.1748986763048,7.213685069471776,4.24765817299991,0.8339095340615419,12,-11.17699884821297,3,3,-28.647349366517133
EURUSD,30m+4h,comp_B,4,5.059591999999724,0.9268020358905504,-1.0000000000000009,0.5900204778524663,75.0,5.8631218762012,26.0,-50.0,75.0,25.0,0.0,5059.591999999715,0.0,4.979999999999718,inf,0.6153073635503341,4,-11.527238954674502,3,3,-28.839981425070977
EURUSD,30m+4h,comp_C,9,5.059373632953235,0.9267628267887851,-1.9949405296616929,0.594031623662812,55.55555555555556,3.4232671805984065,8.11111111111111,-50.0,44.44444444444444,11.11111111111111,44.44444444444444,2995.725076580634,2063.648556372606,5.020623737682617,inf,0.795210611002278,6,-13.756977846119756,2,3,-30.066337815365866
EURUSD,1h+1d,nm_8_24_hard,8,5.389782184156222,1.0010281214624772,-1.9900000000000029,0.5565295221650195,62.5,2.784739649595244,18.5,-50.0,62.5,37.5,0.0,-1359.2012875000278,6748.983471656243,3.9941666666666764,inf,0.7999906971285173,4,-13.760072287640558,2,3,-30.068039758202307
EURUSD,1h+1d,short_only_soft55,13,7.941453406650534,1.4559642602314904,-1.5428842729970693,0.6949685410265114,53.84615384615385,3.009011978073687,10.307692307692308,-50.0,53.84615384615385,23.076923076923077,23.076923076923077,0.0,7941.453406650551,5.32362097604735,inf,0.7320062694290327,7,-13.848754386095978,2,3,-30.116814912352787
EURUSD,30m+4h,no_exhaust_1.0,17,5.4952280379001905,1.00489147813847,-2.3514553191487875,0.4627352122512558,47.05882352941176,1.8060447734651162,7.529411764705882,-50.0,41.17647058823529,29.411764705882355,29.411764705882355,4694.952780968835,800.2752569313568,5.064840611432575,inf,0.5116549586475784,11,-14.181869155914306,2,3,-30.30002803575287
EURUSD,30m+4h,comp_G,14,6.329431968722554,1.1536968812271065,-3.4249738082190007,0.5267823763081407,57.14285714285714,2.0768941966785914,4.428571428571429,-50.0,50.0,35.714285714285715,14.285714285714285,6329.431968722564,0.0,3.968375470429364,inf,0.2946489331391259,11,-14.518342845587018,2,3,-30.48508856507286
EURUSD,1h+1d,nm_8_24_soft,8,3.115039257292418,0.5837265622001597,-1.9900000000000029,0.35472496121382574,50.0,1.881874024962381,12.125,-50.0,50.0,37.5,12.5,-1336.9712620731993,4452.010519365622,1.785520325203338,inf,0.25857314901447176,4,-14.59428507322626,2,3,-30.526856790274444
EURUSD,30m+4h,long_only_soft55,15,5.947423963069065,1.0856725005827794,-3.4249738082190118,0.4952914879285949,53.333333333333336,1.9653421738982297,4.933333333333334,-50.0,46.666666666666664,33.33333333333333,20.0,5947.423963069098,0.0,3.5420426713626663,inf,0.24206483684629512,12,-14.60148231801693,2,3,-30.530815274909312
EURUSD,1h+1d,comp_G,12,5.800945994868356,1.0723156051804184,-2.2981009836065103,0.5395107341695541,58.333333333333336,2.3090609512773113,8.5,-50.0,50.0,33.33333333333333,16.666666666666664,5800.945994868388,0.0,5.0638067000712494,2.495276044949858,0.6361334034613344,10,-15.004609737907568,2,3,-30.75253535584916
EURUSD,30m+4h,comp_A,15,1.9594539549757428,0.36335483597402796,-3.952017457713519,0.16604249627813025,40.0,1.240467581320086,6.133333333333334,-50.0,33.33333333333333,46.666666666666664,20.0,1959.4539549757358,0.0,2.080768816821066,inf,-0.12164074256758954,12,-15.161653425683173,2,3,-30.838909384125746
EURUSD,30m+4h,htf_slope_hard,1,1.6666666666668384,0.30942412975358824,0.0,0.4253287230050014,100.0,inf,8.0,-50.0,100.0,0.0,0.0,1666.6666666668327,0.0,1.6666666666668384,inf,0.8485281374238574,1,-16.210541127197544,1,3,-31.41579761995865
EURUSD,30m+4h,htf_slope_soft,1,1.6666666666668384,0.30942412975358824,0.0,0.4253287230050014,100.0,inf,8.0,-50.0,100.0,0.0,0.0,1666.6666666668327,0.0,1.6666666666668384,inf,0.8485281374238574,1,-16.210541127197544,1,3,-31.41579761995865
EURUSD,1h+1d,comp_A,19,1.7332288422595932,0.3255615379917032,-5.604425320590856,0.1394019664640512,36.84210526315789,1.1718258204533545,8.368421052631579,-50.0,31.57894736842105,47.368421052631575,21.052631578947366,1733.2288422596062,0.0,3.218572095621619,1.469830138721816,0.3599936175033886,14,-17.48816357534507,2,3,-32.11848996643979
EURUSD,1h+1d,nm_5_30_hard,13,2.9242876652170624,0.5506901509563233,-2.9700999999999977,0.2649036951830592,46.15384615384615,1.401068725974354,11.076923076923077,-50.0,46.15384615384615,53.84615384615385,0.0,-2457.696115423523,5381.983780640558,1.3419808368746344,1.56008633485867,0.16501385247745506,12,-17.61888674319773,2,3,-32.19038770875875
EURUSD,1h+1d,long_only_hard55,19,-0.4886936462885738,-0.0926204304465661,-6.793465209301008,-0.025438897115210676,36.84210526315789,0.9583669603296655,11.263157894736842,-50.0,36.84210526315789,63.1578947368421,0.0,-488.6936462885817,0.0,1.9166427785061613,1.336547034132136,0.30884927346732305,14,-17.844465593749682,2,3,-32.31445607656232
EURUSD,30m+4h,atr_high,17,2.328570950483022,0.4311661360014929,-2.35214613076421,0.22969996781764201,41.17647058823529,1.3564178476186999,8.058823529411764,-50.0,29.411764705882355,29.411764705882355,41.17647058823529,3712.1290661987914,-1383.5581157157587,0.4020598786761642,1.6671735635411566,-0.1632293800511352,9,-17.906476344207626,2,3,-32.34856198931419
EURUSD,1h+1d,long_only_soft55,19,0.3704556118781399,0.06996693037342183,-5.021736588001769,0.042174030377737655,36.84210526315789,1.0391667916737142,8.105263157894736,-50.0,31.57894736842105,42.10526315789473,26.31578947368421,370.4556118781088,0.0,2.176495443261439,1.3278449238053847,0.2765169413356605,14,-17.907769785953125,2,3,-32.34927338227422
EURUSD,30m+4h,long_only_hard55,15,3.5932955350406193,0.6620133987181864,-4.900995009999997,0.2883284364147198,46.666666666666664,1.428303302717227,6.4,-50.0,46.666666666666664,53.333333333333336,0.0,3593.2955350406237,0.0,1.2728882132743369,1.4736845379360073,0.011162189444960688,12,-18.0231587578278,2,3,-32.41273731680529
EURUSD,1h+1d,atr_low,12,3.9639269345631334,0.7380105529650294,-1.9900000000000029,0.3596405111132226,50.0,1.6572292690741408,5.25,-50.0,50.0,50.0,0.0,2017.9396691880254,1945.9872653751027,3.356237562500064,2.2038796522682707,0.4730479633705652,10,-18.34910637478261,1,3,-32.59200850613044
EURUSD,1h+1d,nm_5_30_soft,14,2.0067554288798473,0.3792828899038536,-2.1492369309127013,0.1997530811949212,35.714285714285715,1.3139968559761508,8.0,-50.0,35.714285714285715,42.857142857142854,21.428571428571427,-2424.096527622252,4430.851956502071,0.42252654719481253,1.3074518487430828,0.06483073231083604,13,-20.78362493857563,1,3,-33.9309937162166
EURUSD,1h+1d,comp_C,15,-4.301221526025067,-0.8281462792670169,-4.301221526025067,-0.4480500900024274,26.666666666666668,0.533585696832373,8.466666666666667,-50.0,20.0,53.333333333333336,26.666666666666668,-5010.659708536854,709.4381825117832,-2.423464213656057,0.6982269940303276,-0.6665562818535478,10,-23.127615076856227,1,3,-35.220188292270926
EURUSD,30m+4h,comp_D,0,0.0,0.0,0.0,,,,,-50.0,0.0,0.0,0.0,0.0,0.0,0.0,0.0,0.0,0,-26.0,0,3,-36.8
EURUSD,1h+1d,comp_B,0,0.0,0.0,0.0,,,,,-50.0,0.0,0.0,0.0,0.0,0.0,0.0,0.0,0.0,0,-26.0,0,3,-36.8
EURUSD,1h+1d,comp_D,0,0.0,0.0,0.0,,,,,-50.0,0.0,0.0,0.0,0.0,0.0,0.0,0.0,0.0,0,-26.0,0,3,-36.8
EURUSD,1h+1d,htf_slope_soft,2,-0.5921402191818581,-0.11227358691776601,-0.5921402191818581,-0.4610087840129632,0.0,0.0,2.0,-50.0,0.0,0.0,100.0,0.0,-592.1402191818681,-0.04401362326431624,0.0,-0.8558961032361834,1,-27.28428429108692,0,3,-37.506356360097804
EURUSD,1h+1d,htf_slope_hard,2,-1.9900000000000029,-0.3794837442322674,-1.9900000000000029,-0.6056504118493086,0.0,0.0,24.0,-50.0,0.0,100.0,0.0,0.0,-1990.0,-1.0000000000000009,0.0,-0.8558961032361836,1,-27.293844154854277,0,3,-37.511614285169856
