combo,side,entry_time,exit_time,entry,exit,reason,pnl,r_multiple,bars_held
5m+30m,long,2021-01-22 12:30:00,2021-01-22 12:30:00,1.21774,1.2172800000000001,signal,-615.0907354344099,-0.61509073543441,0
5m+30m,long,2021-01-29 23:50:00,2021-02-01 00:00:00,1.21338,1.21295,signal,-1020.1144991857651,-1.0264279624889427,1
5m+30m,long,2021-02-18 09:40:00,2021-02-18 10:05:00,1.2046999999999999,1.20453,signal,-328.57292847900936,-0.33403508771885615,5
5m+30m,long,2021-03-01 23:30:00,2021-03-02 00:10:00,1.20455,1.2044700000000002,signal,-272.12036792344367,-0.2775712515483921,8
5m+30m,short,2021-03-10 06:00:00,2021-03-10 06:10:00,1.18795,1.18815,signal,-586.7941781632935,-0.6002143622723273,2
5m+30m,short,2021-03-10 15:15:00,2021-03-10 15:20:00,1.18919,1.1890399999999999,signal,177.37709283865092,0.18252933507184957,1
5m+30m,long,2021-03-12 20:25:00,2021-03-12 20:55:00,1.19506,1.19517,signal,218.7107424520975,0.22465353756395334,6
5m+30m,short,2021-03-15 06:40:00,2021-03-15 06:55:00,1.19479,1.1942989285714285,tp,1626.223252101992,1.6666666666669179,3
5m+30m,short,2021-03-16 10:45:00,2021-03-16 10:45:00,1.19226,1.19285,signal,-929.0122990970928,-0.9365079365075337,0
5m+30m,short,2021-03-26 15:00:00,2021-03-26 15:00:00,1.17756,1.1781096428571427,sl,-982.7060607910971,-1.0,0
5m+30m,long,2021-04-13 02:35:00,2021-04-13 02:50:00,1.1914099999999999,1.191242857142857,sl,-972.8790001831861,-1.0,3
5m+30m,long,2021-04-22 15:20:00,2021-04-22 15:30:00,1.20515,1.2044235714285714,sl,-963.1502101813543,-1.0,2
5m+30m,long,2021-05-10 13:40:00,2021-05-10 14:00:00,1.21702,1.2163567857142856,sl,-953.5187080795408,-1.0,4
5m+30m,short,2021-05-13 08:25:00,2021-05-13 08:45:00,1.2076,1.20776,signal,-632.1444206386046,-0.6696562032881554,4
5m+30m,short,2021-05-28 05:55:00,2021-05-28 05:55:00,1.21818,1.2184692857142858,sl,-937.6620767923594,-1.0,0
5m+30m,long,2021-05-31 16:55:00,2021-05-31 17:15:00,1.2203,1.22012,signal,-401.93803250496575,-0.4329896907211539,4
5m+30m,long,2021-06-01 06:25:00,2021-06-01 06:45:00,1.2231999999999998,1.2229700000000001,signal,-729.4452852323896,-0.7892156862734827,4
5m+30m,long,2021-06-02 20:05:00,2021-06-02 20:10:00,1.22145,1.22112,signal,-1001.5151058045832,-1.0921985815602733,1
5m+30m,long,2021-06-07 16:15:00,2021-06-07 16:35:00,1.2170699999999999,1.21686,signal,-341.19667652682915,-0.3761996161224826,4
5m+30m,short,2021-06-09 21:10:00,2021-06-09 21:10:00,1.2178,1.21809,signal,-929.8835717094153,-1.0291508238268519,0
5m+30m,long,2021-06-15 00:15:00,2021-06-15 00:20:00,1.2119499999999999,1.21183,signal,-565.85036701845,-0.6327683615814181,1
5m+30m,long,2021-06-15 18:10:00,2021-06-15 18:10:00,1.2123599999999999,1.21225,signal,-155.4144503212105,-0.17490062464484463,0
5m+30m,long,2021-06-22 18:15:00,2021-06-22 18:30:00,1.19083,1.19019,signal,-790.8274496868526,-0.8915422885570886,3
5m+30m,short,2021-06-28 22:00:00,2021-06-28 22:20:00,1.19228,1.19241,signal,-303.0316361510971,-0.344696969696876,4
5m+30m,short,2021-07-12 20:20:00,2021-07-12 20:35:00,1.18561,1.18581,signal,-436.1003386256524,-0.4977777777777041,3
5m+30m,long,2021-07-16 08:30:00,2021-07-16 08:55:00,1.18109,1.180907857142857,sl,-871.7334268886214,-1.0,5
5m+30m,short,2021-07-16 15:55:00,2021-07-16 15:55:00,1.1800000000000002,1.18025,signal,-285.22722607813944,-0.3305004721433592,0
5m+30m,short,2021-07-19 00:00:00,2021-07-19 00:05:00,1.18048,1.1807221428571428,sl,-860.1638203589536,-1.0,1
5m+30m,long,2021-07-22 14:25:00,2021-07-22 14:45:00,1.17962,1.1789867857142855,sl,-851.562182155364,-1.0,4
5m+30m,long,2021-08-09 16:50:00,2021-08-09 16:50:00,1.17634,1.17602,signal,-389.76765637705563,-0.46233230134136877,0
5m+30m,long,2021-08-12 16:10:00,2021-08-12 16:10:00,1.1736,1.1729035714285714,sl,-839.1488837700399,-1.0,0
5m+30m,short,2021-08-20 11:30:00,2021-08-20 11:55:00,1.1675200000000001,1.1674799999999999,signal,58.080417124245336,0.06991260923891707,5
5m+30m,short,2021-08-25 16:35:00,2021-08-25 16:55:00,1.17348,1.1741603571428572,sl,-831.3381991035818,-1.0,4
5m+30m,short,2021-08-26 17:40:00,2021-08-26 18:00:00,1.1752500000000001,1.17547,signal,-239.03030992036315,-0.290429042904154,4
5m+30m,short,2021-08-31 17:45:00,2021-08-31 17:55:00,1.1824400000000002,1.1810703571428574,tp,1367.7241900220158,1.6666666666663965,2
5m+30m,long,2021-09-03 17:35:00,2021-09-03 17:45:00,1.18899,1.187975357142857,sl,-834.3117559135626,-1.0,2
5m+30m,long,2021-09-16 04:20:00,2021-09-16 04:20:00,1.18197,1.18174,signal,-828.5417493767823,-1.003115264796835,0
5m+30m,long,2021-09-22 11:40:00,2021-09-22 12:20:00,1.1729699999999998,1.17319,signal,309.7742091331657,0.3788437884381562,8
5m+30m,long,2021-09-29 00:55:00,2021-09-29 00:55:00,1.1684299999999999,1.168150357142857,sl,-820.7809629519907,-1.0,0
5m+30m,short,2021-10-28 01:00:00,2021-10-28 01:00:00,1.15997,1.160192857142857,sl,-812.5731533224707,-1.0,0
5m+30m,short,2021-11-23 08:40:00,2021-11-23 08:40:00,1.1235300000000001,1.1239425,sl,-804.447421789246,-1.0,0
5m+30m,long,2021-11-26 04:35:00,2021-11-26 04:55:00,1.12165,1.1223517857142857,tp,1327.338245952676,1.666666666667194,4
5m+30m,short,2021-12-03 16:45:00,2021-12-03 16:55:00,1.1289200000000001,1.12937,signal,-197.71166198422574,-0.24418604651155507,2
5m+30m,short,2021-12-14 02:25:00,2021-12-14 02:50:00,1.1281400000000001,1.1276953571428572,tp,1346.1653556852873,1.666666666666944,5
5m+30m,short,2021-12-27 09:10:00,2021-12-27 09:20:00,1.13179,1.13212,signal,-950.8178459630903,-1.1578947368424333,2
5m+30m,long,2021-12-31 13:15:00,2021-12-31 13:35:00,1.13344,1.1329,signal,-679.5231810766569,-0.8372093023255494,4
5m+30m,short,2022-01-04 10:40:00,2022-01-04 11:10:00,1.1294300000000002,1.1297599999999999,signal,-342.39792356713394,-0.42541436464050125,6
5m+30m,short,2022-01-07 16:00:00,2022-01-07 16:00:00,1.13011,1.13036,signal,-146.89799272674372,-0.1832940560356633,0
5m+30m,short,2022-01-28 11:20:00,2022-01-28 11:40:00,1.1127200000000002,1.11333,signal,-709.4181525380726,-0.8868120456901015,4
5m+30m,short,2022-02-08 05:50:00,2022-02-08 05:50:00,1.14299,1.14317,signal,-586.7938902625417,-0.740088105727182,0
5m+30m,long,2022-02-17 18:45:00,2022-02-17 18:55:00,1.13704,1.136245,sl,-787.0023771065486,-1.0,2
5m+30m,long,2022-02-23 04:00:00,2022-02-23 04:15:00,1.13354,1.1332078571428572,sl,-779.1323533354832,-1.0,3
5m+30m,short,2022-02-25 12:25:00,2022-02-25 12:45:00,1.11769,1.11797,signal,-209.32203785550672,-0.2713741779160951,4
5m+30m,long,2022-03-08 21:00:00,2022-03-08 21:05:00,1.0917599999999998,1.09112,signal,-280.18131595255295,-0.3642276422762954,1
5m+30m,short,2022-03-08 23:25:00,2022-03-09 00:25:00,1.0904,1.0899299999999998,signal,594.018216186159,0.775029446408008,12
5m+30m,long,2022-03-21 10:55:00,2022-03-21 11:10:00,1.10548,1.1068460714285715,tp,1287.3102973763757,1.666666666666486,3
5m+30m,long,2022-03-24 13:35:00,2022-03-24 13:40:00,1.09943,1.0988910714285713,sl,-785.2592813996729,-1.0,1
5m+30m,short,2022-04-07 07:00:00,2022-04-07 07:00:00,1.0907,1.09083,signal,-257.0172885059444,-0.3306085376928412,0
5m+30m,long,2022-04-12 17:45:00,2022-04-12 17:50:00,1.08883,1.087945,sl,-774.8365157006167,-1.0,1
5m+30m,short,2022-04-18 05:10:00,2022-04-18 05:55:00,1.0804500000000001,1.0802699999999998,signal,191.48708661445303,0.24962852897512797,9
5m+30m,long,2022-04-28 17:25:00,2022-04-28 17:30:00,1.0510599999999999,1.0495192857142854,sl,-769.0030214097551,-1.0,1
5m+30m,long,2022-04-29 19:55:00,2022-04-29 20:10:00,1.05471,1.0563028571428572,tp,1268.8549853262728,1.666666666666899,3
5m+30m,short,2022-05-02 01:25:00,2022-05-02 01:50:00,1.0543500000000001,1.05461,signal,-430.789848534621,-0.556574923547075,5
5m+30m,short,2022-05-10 11:30:00,2022-05-10 11:35:00,1.0558400000000001,1.0566,signal,-474.3434901172775,-0.6162757022877429,1
5m+30m,long,2022-06-30 07:25:00,2022-06-30 07:55:00,1.04542,1.04528,signal,-378.61171894395005,-0.4949494949494077,6
5m+30m,long,2022-07-05 04:35:00,2022-07-05 05:00:00,1.04347,1.04328,signal,-252.77109621190405,-0.3320848938825275,5
5m+30m,long,2022-08-09 07:45:00,2022-08-09 08:10:00,1.01939,1.01936,signal,-110.06123640558727,-0.1450777202070814,5
5m+30m,short,2022-08-17 16:35:00,2022-08-17 16:35:00,1.01601,1.01643,signal,-245.41654605078844,-0.32396694214866606,0
5m+30m,short,2022-08-17 20:20:00,2022-08-17 20:20:00,1.01645,1.0165899999999999,signal,-172.4895034152617,-0.22843822843789485,0
5m+30m,short,2022-08-17 20:30:00,2022-08-17 20:30:00,1.01651,1.01683,signal,-389.95240274987714,-0.5176198729056294,0
5m+30m,long,2022-08-19 11:30:00,2022-08-19 11:30:00,1.0086199999999999,1.00825,signal,-373.4668788834763,-0.4983164983162627,0
5m+30m,long,2022-08-26 07:15:00,2022-08-26 07:20:00,0.99705,0.9967071428571429,sl,-745.7225138357928,-1.0,1
5m+30m,short,2022-09-13 06:55:00,2022-09-13 06:55:00,1.01298,1.01308,signal,-178.50974165397236,-0.24179620034544447,0
5m+30m,short,2022-09-14 16:20:00,2022-09-14 16:55:00,0.99939,0.99925,signal,75.00655624374504,0.1018446349701446,7
5m+30m,long,2022-09-19 15:40:00,2022-09-19 15:50:00,0.9995499999999999,0.9985342857142857,sl,-737.2302568433327,-1.0,2
5m+30m,short,2022-09-26 15:00:00,2022-09-26 15:15:00,0.96374,0.9646199999999999,signal,-373.2606889441876,-0.5114155251140825,3
5m+30m,long,2022-09-27 05:25:00,2022-09-27 06:00:00,0.9631299999999999,0.96299,signal,-140.14826990395306,-0.1930083702608395,7
5m+30m,short,2022-09-27 14:00:00,2022-09-27 14:15:00,0.96267,0.96337,signal,-355.73723385555274,-0.49085900325564313,3
5m+30m,short,2022-10-10 23:55:00,2022-10-11 00:00:00,0.97052,0.9699307142857143,tp,1201.944153913255,1.666666666666876,1
5m+30m,long,2022-10-11 12:05:00,2022-10-11 12:25:00,0.97088,0.97031,signal,-378.69409400762567,-0.5165048543688965,4
5m+30m,short,2022-10-11 23:45:00,2022-10-12 00:05:00,0.9703,0.9704299999999999,signal,-173.8711417370045,-0.23837590045817056,4
5m+30m,long,2022-10-17 14:30:00,2022-10-17 14:30:00,0.9750599999999999,0.9749800000000001,signal,-58.800830830570035,-0.0808080808079426,0
5m+30m,short,2022-10-20 06:10:00,2022-10-20 06:40:00,0.9758800000000001,0.9760399999999999,signal,-245.09283551752117,-0.33709556057151585,6
5m+30m,long,2022-11-10 04:05:00,2022-11-10 04:05:00,1.0023,1.0016614285714285,sl,-724.6213448660675,-1.0,0
5m+30m,long,2022-11-25 05:10:00,2022-11-25 05:15:00,1.04145,1.04098,signal,-564.97048051784,-0.7875523638539823,1
5m+30m,long,2022-12-05 00:20:00,2022-12-05 00:20:00,1.05371,1.05365,signal,-75.20117715141983,-0.10566037735840499,0
5m+30m,long,2022-12-05 00:30:00,2022-12-05 00:30:00,1.05372,1.05356,signal,-203.00579340248203,-0.28553218610566933,0
5m+30m,long,2022-12-05 01:35:00,2022-12-05 01:35:00,1.0538399999999999,1.05365,signal,-212.72299259679815,-0.3000564015790567,0
5m+30m,short,2022-12-23 16:05:00,2022-12-23 16:45:00,1.06116,1.06063,signal,204.46688741514265,0.28927875243672746,8
5m+30m,long,2022-12-30 12:05:00,2022-12-30 12:15:00,1.06619,1.06623,signal,28.89097857926335,0.04075691411939543,2
5m+30m,long,2022-12-30 12:25:00,2022-12-30 12:30:00,1.0666499999999999,1.0667,signal,35.73828610147581,0.05039596832263909,1
5m+30m,long,2022-12-30 12:40:00,2022-12-30 13:20:00,1.06698,1.0685871428571427,tp,1182.5118141693038,1.6666666666664365,8
5m+30m,short,2023-01-06 09:10:00,2023-01-06 09:30:00,1.05158,1.05186,signal,-299.69499205539495,-0.4154742978273312,4
5m+30m,long,2023-01-10 23:25:00,2023-01-10 23:30:00,1.07381,1.0735700000000001,signal,-336.6257269995335,-0.46861924686153283,1
5m+30m,long,2023-01-11 06:25:00,2023-01-11 07:05:00,1.07357,1.0741217857142855,tp,1191.61499908804,1.6666666666666667,8
5m+30m,short,2023-01-19 09:30:00,2023-01-19 09:30:00,1.07929,1.0801460714285713,sl,-726.8851494437044,-1.0,0
5m+30m,long,2023-01-19 23:25:00,2023-01-19 23:45:00,1.08328,1.08304,signal,-320.46530962355826,-0.4453280318091836,4
5m+30m,long,2023-01-24 01:05:00,2023-01-24 01:10:00,1.08711,1.0868496428571428,sl,-716.4116448530318,-1.0,1
5m+30m,long,2023-01-31 17:35:00,2023-01-31 18:00:00,1.08558,1.08551,signal,-40.754182224367625,-0.05746115508649965,5
5m+30m,short,2023-02-07 11:40:00,2023-02-07 12:20:00,1.07209,1.07177,signal,200.86041365524775,0.28336495888686547,8
5m+30m,long,2023-02-23 23:50:00,2023-02-23 23:55:00,1.05972,1.0594285714285714,sl,-710.8485907188103,-1.0,1
5m+30m,long,2023-02-28 12:25:00,2023-02-28 12:30:00,1.0611199999999998,1.0610600000000001,signal,-46.20099164041166,-0.06565064478281905,1
5m+30m,long,2023-03-08 14:50:00,2023-03-08 15:15:00,1.05425,1.0538235714285713,sl,-703.2780948952181,-1.0,5
5m+30m,long,2023-03-17 20:15:00,2023-03-17 20:20:00,1.06731,1.06698,signal,-362.23573766124116,-0.520270270270282,1
5m+30m,long,2023-03-27 13:50:00,2023-03-27 14:20:00,1.07677,1.0777682142857143,tp,1154.3715942829272,1.6666666666669139,6
5m+30m,long,2023-03-29 05:10:00,2023-03-29 05:15:00,1.0844799999999999,1.0842800000000001,signal,-338.774344163749,-0.4810996563569166,1
5m+30m,long,2023-03-30 09:40:00,2023-03-30 10:05:00,1.08388,1.0831567857142856,sl,-700.7789290708455,-1.0,5
5m+30m,short,2023-04-05 09:25:00,2023-04-05 10:00:00,1.09531,1.09545,signal,-182.7676658560763,-0.26344086021508073,7
5m+30m,long,2023-04-07 15:10:00,2023-04-07 15:10:00,1.09171,1.09144,sl,-691.9434631215762,-1.0,0
5m+30m,short,2023-04-17 13:10:00,2023-04-17 13:25:00,1.09769,1.0979999999999999,signal,-323.8566757783998,-0.47276688453120014,3
5m+30m,long,2023-04-21 12:40:00,2023-04-21 12:45:00,1.09582,1.0956000000000001,signal,-177.4312819717352,-0.2602450359103298,1
5m+30m,short,2023-05-12 12:55:00,2023-05-12 12:55:00,1.0907,1.09116,signal,-456.8880332810159,-0.6718831507563479,0
5m+30m,long,2023-05-19 03:20:00,2023-05-19 03:45:00,1.07762,1.07739,signal,-555.5361698151363,-0.8224776500632901,5
5m+30m,long,2023-05-31 00:30:00,2023-05-31 01:15:00,1.0732599999999999,1.07314,signal,-189.46296356237278,-0.2828282828280079,9
5m+30m,long,2023-06-08 04:55:00,2023-06-08 05:15:00,1.07089,1.0707,signal,-347.3821031229353,-0.5200391006838889,4
5m+30m,short,2023-06-16 05:35:00,2023-06-16 05:55:00,1.09419,1.0935739285714288,tp,1107.5307603585406,1.6666666666668668,4
5m+30m,short,2023-06-16 12:15:00,2023-06-16 12:35:00,1.0941800000000002,1.09475,signal,-609.1794616125554,-0.9016949152539777,4
5m+30m,short,2023-06-26 18:20:00,2023-06-26 18:20:00,1.09115,1.09127,signal,-120.74753711853444,-0.18035426731061924,0
5m+30m,long,2023-07-04 05:00:00,2023-07-04 05:00:00,1.09113,1.09091,signal,-423.5281977364763,-0.6337448559667123,0
5m+30m,long,2023-07-07 00:30:00,2023-07-07 00:45:00,1.08883,1.08867,signal,-403.11453510894967,-0.6070460704603644,3
5m+30m,long,2023-07-07 15:30:00,2023-07-07 15:30:00,1.08925,1.0905910714285716,tp,1100.0467775048355,1.6666666666667587,0
5m+30m,long,2023-07-12 00:30:00,2023-07-12 00:55:00,1.1006099999999999,1.1005,signal,-203.22201431400725,-0.3028515240900931,5
5m+30m,short,2023-07-17 17:30:00,2023-07-17 17:40:00,1.12201,1.1229882142857142,sl,-668.9963141347731,-1.0,2
5m+30m,long,2023-07-17 20:05:00,2023-07-17 20:30:00,1.12345,1.12323,signal,-430.3594010675532,-0.6497890295360089,5
5m+30m,long,2023-08-07 18:00:00,2023-08-07 18:05:00,1.10025,1.09939,signal,-689.4998428261182,-1.0478677110530619,1
5m+30m,short,2023-08-10 00:40:00,2023-08-10 00:40:00,1.09729,1.09733,signal,-62.488490966400896,-0.09597257926265591,0
5m+30m,short,2023-08-18 20:25:00,2023-08-18 20:40:00,1.08701,1.087537142857143,sl,-650.4828736448246,-1.0,3
5m+30m,long,2023-08-21 07:20:00,2023-08-21 07:30:00,1.0883399999999999,1.0881096428571428,sl,-643.9780449083764,-1.0,2
5m+30m,short,2023-08-21 18:25:00,2023-08-21 18:35:00,1.08861,1.0885399999999998,signal,64.17950684870944,0.10066769388836794,2
5m+30m,short,2023-08-28 01:30:00,2023-08-28 02:10:00,1.07954,1.0798485714285713,sl,-638.1800595277798,-1.0,8
5m+30m,long,2023-08-28 08:10:00,2023-08-28 08:30:00,1.0808799999999998,1.0812567857142856,tp,1052.997098221457,1.6666666666676488,4
5m+30m,short,2023-09-07 09:35:00,2023-09-07 09:40:00,1.0715700000000001,1.0720735714285716,sl,-642.3282299147165,-1.0,1
5m+30m,short,2023-09-08 21:10:00,2023-09-08 21:45:00,1.07053,1.0699442857142858,tp,1059.8415793591482,1.666666666666456,7
5m+30m,long,2023-10-05 13:30:00,2023-10-05 14:00:00,1.05155,1.05118,signal,-402.2687594545835,-0.6222222222222139,6
5m+30m,long,2023-10-18 06:45:00,2023-10-18 06:50:00,1.0575299999999999,1.05721,signal,-661.6812477350408,-1.0298850574705316,1
5m+30m,short,2023-10-18 15:00:00,2023-10-18 15:05:00,1.05599,1.05654,signal,-624.1111214400313,-0.9815168897387088,1
5m+30m,short,2023-10-25 11:50:00,2023-10-25 12:20:00,1.0586900000000001,1.0575810714285714,tp,1049.3712535381774,1.666666666666778,6
5m+30m,long,2023-11-03 06:15:00,2023-11-03 06:35:00,1.06279,1.062607857142857,sl,-640.1164646582461,-1.0,4
5m+30m,short,2023-11-06 16:55:00,2023-11-06 17:10:00,1.0737,1.0726196428571428,tp,1056.1921666862506,1.666666666666895,3
5m+30m,long,2023-11-13 07:55:00,2023-11-13 08:00:00,1.06867,1.0684846428571428,sl,-644.2772216785261,-1.0,1
5m+30m,short,2023-11-14 05:10:00,2023-11-14 05:25:00,1.06955,1.06976,signal,-555.6246759756549,-0.8711111111112585,3
5m+30m,long,2023-12-08 14:40:00,2023-12-08 14:40:00,1.07842,1.077949642857143,sl,-632.2782027019842,-1.0,0
5m+30m,short,2023-12-21 12:30:00,2023-12-21 12:30:00,1.0941400000000001,1.0942399999999999,signal,-111.06940290784392,-0.17743979721124287,0
5m+30m,long,2023-12-27 08:00:00,2023-12-27 08:10:00,1.10441,1.1041592857142857,sl,-624.844726645886,-1.0,2
5m+30m,short,2023-12-28 18:05:00,2023-12-28 18:15:00,1.1098400000000002,1.1083417857142859,tp,1030.9937989658138,1.6666666666668313,2
5m+30m,short,2023-12-29 20:05:00,2023-12-29 20:30:00,1.10528,1.1056,signal,-275.0121868045463,-0.43728648121020286,5
5m+30m,long,2024-01-04 00:00:00,2024-01-04 00:00:00,1.09211,1.0917542857142857,sl,-626.1560955010399,-1.0,0
5m+30m,long,2024-01-04 07:55:00,2024-01-04 08:20:00,1.0927099999999998,1.0932492857142855,tp,1033.1575575765737,1.6666666666664378,5
5m+30m,short,2024-01-08 12:15:00,2024-01-08 12:20:00,1.0936000000000001,1.09384,signal,-221.96642872190404,-0.3522012578612581,1
5m+30m,short,2024-01-09 12:05:00,2024-01-09 12:25:00,1.0941100000000001,1.0947592857142858,sl,-628.0064458345761,-1.0,4
5m+30m,short,2024-01-17 07:10:00,2024-01-17 07:45:00,1.08661,1.0860742857142858,tp,1036.2106356270506,1.6666666666666667,7
5m+30m,long,2024-01-30 00:35:00,2024-01-30 00:40:00,1.08315,1.08288,signal,-475.48148927946016,-0.7522388059702859,1
5m+30m,long,2024-02-01 16:25:00,2024-02-01 16:30:00,1.0820999999999998,1.081272857142857,sl,-627.3336728397063,-1.0,1
5m+30m,long,2024-02-13 00:40:00,2024-02-13 00:45:00,1.0774,1.07707,signal,-529.8797327487267,-0.8531855955678989,1
5m+30m,short,2024-02-23 23:25:00,2024-02-23 23:25:00,1.08199,1.08221,signal,-491.9703085482629,-0.7989623865107642,0
5m+30m,short,2024-03-08 08:10:00,2024-03-08 08:10:00,1.09457,1.09476,signal,-451.34424526600395,-0.7388888888889033,0
5m+30m,short,2024-03-12 12:05:00,2024-03-12 12:05:00,1.0927200000000001,1.093097142857143,sl,-606.3283932456793,-1.0,0
5m+30m,short,2024-03-18 08:00:00,2024-03-18 08:00:00,1.08864,1.0888242857142858,sl,-600.2651093132225,-1.0,0
5m+30m,short,2024-04-02 04:50:00,2024-04-02 05:30:00,1.07321,1.07338,signal,-246.18705840975375,-0.4142732811140767,8
5m+30m,long,2024-04-15 03:30:00,2024-04-15 03:30:00,1.06494,1.0645900000000001,signal,-627.6672899168052,-1.0606060606057954,0
5m+30m,long,2024-04-16 13:50:00,2024-04-16 13:55:00,1.06278,1.06255,signal,-269.72632409897176,-0.4606580829754931,1
5m+30m,long,2024-04-19 12:10:00,2024-04-19 13:00:00,1.0652599999999999,1.0655400000000002,signal,281.01850847066,0.4821648216488058,10
5m+30m,short,2024-05-06 08:00:00,2024-05-06 08:05:00,1.07621,1.076409285714286,sl,-585.6368365805416,-1.0,1
5m+30m,short,2024-05-10 07:30:00,2024-05-10 07:35:00,1.07752,1.0776282142857143,sl,-579.7804682147363,-1.0,1
5m+30m,short,2024-05-10 15:30:00,2024-05-10 15:40:00,1.07776,1.0771296428571429,tp,956.6377725544271,1.6666666666668624,2
5m+30m,long,2024-05-14 10:50:00,2024-05-14 10:50:00,1.07877,1.07868,signal,-183.58846241822292,-0.31460674157292035,0
5m+30m,short,2024-05-16 23:00:00,2024-05-16 23:25:00,1.08664,1.08667,signal,-92.02242025840499,-0.15819209039535453,5
5m+30m,long,2024-06-19 13:10:00,2024-06-19 13:30:00,1.07384,1.0746292857142856,tp,967.9882207192171,1.6666666666671355,4
5m+30m,long,2024-06-21 07:40:00,2024-06-21 07:40:00,1.0717999999999999,1.0716949999999998,sl,-590.472814638559,-1.0,0
5m+30m,long,2024-07-16 13:00:00,2024-07-16 13:40:00,1.08985,1.08995,signal,118.60801754914047,0.20289855072464422,8
5m+30m,long,2024-07-19 16:00:00,2024-07-19 16:00:00,1.08896,1.08863,signal,-348.959929078489,-0.5957446808508592,0
5m+30m,long,2024-07-23 00:15:00,2024-07-23 00:15:00,1.08889,1.0887900000000001,signal,-201.27664057421632,-0.3456790123448072,0
5m+30m,short,2024-07-24 03:00:00,2024-07-24 03:20:00,1.08491,1.0846939285714288,tp,967.0863349509024,1.6666666666649539,4
5m+30m,long,2024-07-26 14:30:00,2024-07-26 14:30:00,1.0856999999999999,1.08537,signal,-534.4005312081957,-0.9058823529413127,0
5m+30m,short,2024-07-30 05:25:00,2024-07-30 05:45:00,1.08162,1.08175,signal,-296.77354515920933,-0.5076708507671698,4
5m+30m,short,2024-07-31 21:10:00,2024-07-31 21:25:00,1.08081,1.08137,signal,-617.863094943769,-1.0623306233058483,3
5m+30m,long,2024-07-31 23:25:00,2024-07-31 23:55:00,1.08255,1.08241,signal,-123.6674663935629,-0.21491228070147333,6
5m+30m,short,2024-08-07 20:50:00,2024-08-07 21:20:00,1.0922100000000001,1.09229,signal,-107.7217909707937,-0.18760469011690492,6
5m+30m,long,2024-08-15 14:05:00,2024-08-15 14:30:00,1.1011199999999999,1.10104,signal,-192.76054295397077,-0.33633633633568877,5
5m+30m,long,2024-08-21 17:45:00,2024-08-21 18:10:00,1.11246,1.11259,signal,44.9737073839359,0.078736751027453,5
5m+30m,short,2024-09-05 04:50:00,2024-09-05 05:15:00,1.1080100000000002,1.10808,signal,-103.74217056353226,-0.1814814814809783,5
5m+30m,short,2024-09-10 13:00:00,2024-09-10 13:50:00,1.10381,1.1039299999999999,signal,-175.57018768376338,-0.3076923076921325,10
5m+30m,short,2024-09-20 22:20:00,2024-09-20 22:25:00,1.1162400000000001,1.11653,signal,-493.48728138182605,-0.8675213675207402,1
5m+30m,short,2024-09-23 05:05:00,2024-09-23 05:10:00,1.11561,1.1159035714285714,sl,-563.9125352819,-1.0,1
5m+30m,long,2024-10-03 13:45:00,2024-10-03 14:15:00,1.10395,1.1038000000000001,signal,-155.38424928430572,-0.2783300198804823,6
5m+30m,long,2024-10-11 00:30:00,2024-10-11 01:00:00,1.09345,1.09336,signal,-80.48957601481317,-0.14457831325289602,6
5m+30m,short,2024-10-15 05:15:00,2024-10-15 06:10:00,1.09043,1.09021,signal,419.6610756772018,0.7549019607845902,11
5m+30m,short,2024-10-17 08:45:00,2024-10-17 08:55:00,1.0852600000000001,1.085425,sl,-560.1112824328617,-1.0,2
5m+30m,long,2024-10-29 09:30:00,2024-10-29 09:55:00,1.08118,1.0808900000000001,signal,-430.0499118643249,-0.7755491881563267,5
5m+30m,long,2024-10-31 11:15:00,2024-10-31 11:25:00,1.08586,1.08565,signal,-198.96881073067058,-0.3616236162361793,2
5m+30m,long,2024-11-14 16:00:00,2024-11-14 16:25:00,1.05307,1.0551771428571428,tp,913.6999706376386,1.6666666666666667,5
5m+30m,short,2024-11-21 11:15:00,2024-11-21 11:20:00,1.05308,1.0518175,tp,928.9283034815993,1.6666666666666667,1
5m+30m,short,2024-11-28 04:35:00,2024-11-28 04:55:00,1.05534,1.05575,signal,-406.82295957610046,-0.7179487179488176,4
5m+30m,long,2024-12-04 13:35:00,2024-12-04 13:55:00,1.0505499999999999,1.0504200000000001,signal,-120.59976733323332,-0.21436984687829655,4
5m+30m,short,2024-12-06 18:50:00,2024-12-06 19:30:00,1.05634,1.0560399999999999,signal,150.70390277989125,0.2684563758391235,8
5m+30m,long,2024-12-10 23:30:00,2024-12-10 23:50:00,1.05273,1.0525900000000001,signal,-238.79718413167473,-0.4242424242419145,4
5m+30m,short,2024-12-12 12:25:00,2024-12-12 12:55:00,1.0505900000000001,1.049534642857143,tp,934.1518417354048,1.6666666666669003,6
5m+30m,short,2024-12-18 00:00:00,2024-12-18 00:00:00,1.04854,1.0487917857142857,sl,-569.8326234585182,-1.0,0
5m+30m,long,2024-12-18 04:15:00,2024-12-18 04:20:00,1.05006,1.04973,signal,-521.7818725074133,-0.92492492492491,1
5m+30m,short,2024-12-18 12:10:00,2024-12-18 12:15:00,1.0491000000000001,1.04935,signal,-236.25696554890177,-0.42270531400942424,1
5m+30m,short,2024-12-31 14:25:00,2024-12-31 14:30:00,1.04085,1.0399339285714286,tp,927.5898480720584,1.6666666666662626,1
5m+30m,long,2025-01-14 11:30:00,2025-01-14 11:35:00,1.02566,1.02573,signal,42.10426812283358,0.07441154138194332,1
5m+30m,short,2025-01-16 13:40:00,2025-01-16 13:40:00,1.02857,1.02885,signal,-340.96825376676003,-0.602150537634614,0
5m+30m,long,2025-01-17 14:30:00,2025-01-17 14:35:00,1.03024,1.03007,signal,-158.90414929694234,-0.28232502965603556,1
5m+30m,short,2025-01-31 22:20:00,2025-01-31 22:25:00,1.03706,1.03756,signal,-352.0398639625385,-0.6272401433690409,1
5m+30m,short,2025-01-31 22:55:00,2025-01-31 22:55:00,1.03654,1.037367142857143,sl,-557.7317273350565,-1.0,0
5m+30m,short,2025-01-31 23:10:00,2025-01-31 23:35:00,1.0365600000000001,1.03617,signal,204.8768657110311,0.3710499490317122,5
5m+30m,short,2025-02-04 04:20:00,2025-02-04 04:45:00,1.03176,1.03213,signal,-374.5300020564336,-0.6757990867577779,5
5m+30m,long,2025-02-11 09:50:00,2025-02-11 09:55:00,1.03067,1.03026,signal,-497.9713512573504,-0.9046493301812227,1
5m+30m,long,2025-02-12 11:35:00,2025-02-12 11:45:00,1.0372999999999999,1.0368600000000001,signal,-428.3168256904804,-0.7852135117904915,2
5m+30m,long,2025-02-13 20:30:00,2025-02-13 20:40:00,1.04264,1.0419392857142857,sl,-541.1949969287737,-1.0,2
5m+30m,short,2025-02-17 02:15:00,2025-02-17 02:35:00,1.04858,1.04907,signal,-555.6268635135502,-1.0370370370370545,4
5m+30m,short,2025-02-20 00:45:00,2025-02-20 00:45:00,1.0422500000000001,1.04256,signal,-367.8951587413211,-0.6938449240605353,0
5m+30m,long,2025-03-10 13:30:00,2025-03-10 13:40:00,1.08521,1.08498,signal,-66.92259728015155,-0.1270969015196145,2
5m+30m,long,2025-03-10 13:50:00,2025-03-10 14:10:00,1.0860999999999998,1.0848600000000002,signal,-372.2427118965627,-0.7078491335370366,4
5m+30m,short,2025-03-18 16:15:00,2025-03-18 16:25:00,1.0909,1.0918482142857142,sl,-522.15617364517,-1.0,2
5m+30m,long,2025-03-31 05:20:00,2025-03-31 05:55:00,1.0836999999999999,1.08395,signal,251.81226745736606,0.48712595685473603,7
5m+30m,short,2025-04-01 10:40:00,2025-04-01 11:05:00,1.08031,1.08066,signal,-226.5525945222001,-0.4361370716508826,5
5m+30m,long,2025-04-02 07:20:00,2025-04-02 07:25:00,1.07968,1.0794517857142856,sl,-517.18720863807,-1.0,1
5m+30m,long,2025-04-09 14:45:00,2025-04-09 14:50:00,1.1047,1.10349,signal,-279.8818909708089,-0.5466279444982095,1
5m+30m,long,2025-04-18 04:45:00,2025-04-18 04:50:00,1.13721,1.13689,signal,-188.22524744528673,-0.3696369636964992,1
5m+30m,short,2025-04-22 11:40:00,2025-04-22 11:45:00,1.15001,1.15068,signal,-230.39435522977138,-0.4541273299442767,1
5m+30m,short,2025-04-22 11:55:00,2025-04-22 12:05:00,1.14958,1.15029,signal,-234.0326991540917,-0.4634032634032517,2
5m+30m,long,2025-04-24 03:25:00,2025-04-24 03:45:00,1.13363,1.13334,signal,-196.62055666389347,-0.3911368015412406,4
5m+30m,short,2025-04-28 00:40:00,2025-04-28 00:55:00,1.13582,1.136,signal,-224.32425749735953,-0.4479999999996021,3
5m+30m,long,2025-04-29 17:35:00,2025-04-29 17:45:00,1.14058,1.1389675,sl,-498.4805464820772,-1.0,2
5m+30m,long,2025-05-01 13:10:00,2025-05-01 13:25:00,1.1324999999999998,1.1317821428571428,sl,-493.4957410172565,-1.0,3
5m+30m,short,2025-05-07 02:55:00,2025-05-07 03:00:00,1.13391,1.1347039285714287,sl,-488.5607836070839,-1.0,1
5m+30m,long,2025-05-08 07:05:00,2025-05-08 07:05:00,1.13296,1.13239,signal,-431.7369018626452,-0.8926174496642825,0
5m+30m,long,2025-05-20 06:20:00,2025-05-20 07:00:00,1.12419,1.1242400000000001,signal,35.228395246972156,0.07349081364845586,8
5m+30m,short,2025-05-21 16:25:00,2025-05-21 16:30:00,1.1327500000000001,1.13333,signal,-308.7789089593798,-0.6436781609193986,1
5m+30m,long,2025-05-22 01:40:00,2025-05-22 01:40:00,1.13239,1.1318124999999999,sl,-476.6223016152625,-1.0,0
5m+30m,long,2025-05-22 05:00:00,2025-05-22 05:05:00,1.13378,1.1328500000000001,signal,-473.4925736693824,-1.0034682080924573,1
5m+30m,short,2025-05-22 11:35:00,2025-05-22 12:05:00,1.1314300000000002,1.1292675,tp,778.5352547707466,1.6666666666667806,6
5m+30m,long,2025-06-05 15:00:00,2025-06-05 15:15:00,1.1425999999999998,1.1419292857142855,sl,-474.90650541012343,-1.0,3
5m+30m,long,2025-06-11 13:55:00,2025-06-11 14:00:00,1.14395,1.1436600000000001,signal,-242.8548610489439,-0.5165394402033591,1
5m+30m,short,2025-06-17 16:45:00,2025-06-17 16:50:00,1.15611,1.15622,signal,-51.69016815848408,-0.11051309651960958,1
5m+30m,short,2025-07-15 16:00:00,2025-07-15 16:00:00,1.1676900000000001,1.1676199999999999,signal,26.77589182831864,0.057309941520665576,0
5m+30m,short,2025-07-17 05:20:00,2025-07-17 05:30:00,1.16201,1.16234,signal,-322.8335486244069,-0.6905829596410555,2
5m+30m,short,2025-07-29 08:50:00,2025-07-29 09:10:00,1.15801,1.15849,signal,-438.78614608904263,-0.945147679324913,4
5m+30m,short,2025-07-30 08:50:00,2025-07-30 09:00:00,1.1552200000000001,1.154546785714286,tp,766.4392533917434,1.6666666666664833,2
5m+30m,short,2025-08-11 00:45:00,2025-08-11 00:50:00,1.16439,1.16471,signal,-196.39242303496945,-0.42006563525526136,1
5m+30m,long,2025-08-15 03:20:00,2025-08-15 03:25:00,1.1651399999999998,1.1648314285714283,sl,-465.5640203386643,-1.0,1
5m+30m,short,2025-08-21 16:15:00,2025-08-21 16:15:00,1.1646100000000001,1.16472,signal,-58.85563063078349,-0.12769485903794855,0
5m+30m,short,2025-08-21 16:25:00,2025-08-21 16:45:00,1.1644,1.1629767857142859,tp,767.1997063815367,1.6666666666664933,4
5m+30m,short,2025-08-25 14:45:00,2025-08-25 14:50:00,1.1692,1.1695985714285715,sl,-467.9918208927852,-1.0,1
5m+30m,short,2025-08-26 11:00:00,2025-08-26 11:45:00,1.16205,1.16181,signal,105.576669584125,0.22787385554427608,9
5m+30m,long,2025-09-15 12:05:00,2025-09-15 12:30:00,1.17391,1.1750671428571429,tp,773.9461156327815,1.6666666666665602,5
5m+30m,short,2025-09-16 01:50:00,2025-09-16 02:00:00,1.17611,1.17642,signal,-525.3704991091055,-1.112820512820055,2
5m+30m,long,2025-10-09 03:05:00,2025-10-09 03:30:00,1.16334,1.1638882142857143,tp,778.0890425749972,1.6666666666668917,5
5m+30m,long,2025-10-10 17:45:00,2025-10-10 18:00:00,1.1573499999999999,1.1586714285714286,tp,791.0571932846527,1.66666666666704,3
5m+30m,short,2025-10-15 15:35:00,2025-10-15 16:20:00,1.16208,1.16187,signal,145.05950617961753,0.30061349693257383,9
5m+30m,long,2025-10-27 23:10:00,2025-10-28 00:10:00,1.1645299999999998,1.16448,signal,-80.0938151477534,-0.16548463356938206,12
5m+30m,long,2025-10-28 13:55:00,2025-10-28 14:05:00,1.16586,1.16546,signal,-404.4677804121018,-0.8370702541104267,2
5m+30m,long,2025-11-13 05:55:00,2025-11-13 06:15:00,1.159,1.15876,signal,-353.0577967440627,-0.7368421052632655,4
5m+30m,long,2025-11-13 07:20:00,2025-11-13 07:20:00,1.15892,1.15865,signal,-447.2241076071479,-0.9402985074631482,0
5m+30m,long,2025-11-17 00:10:00,2025-11-17 00:35:00,1.1621,1.16196,signal,-117.04033130703323,-0.2484157160959764,5
5m+30m,long,2025-11-21 05:30:00,2025-11-21 05:30:00,1.1537,1.15341,signal,-417.072169899741,-0.8874316939888565,0
5m+30m,short,2025-11-24 19:00:00,2025-11-24 19:25:00,1.15175,1.1516,signal,113.6112007205899,0.24390243902453115,5
5m+30m,short,2025-11-27 21:20:00,2025-11-27 21:20:00,1.15924,1.1594,signal,-391.7416323270176,-0.8389513108611834,0
5m+30m,long,2025-12-12 18:20:00,2025-12-12 18:25:00,1.1740199999999998,1.1735900000000001,signal,-286.3285263686946,-0.6183872624546084,1
5m+30m,long,2025-12-16 00:30:00,2025-12-16 00:30:00,1.17508,1.17501,signal,-91.10264781931572,-0.19797979797922832,0
5m+30m,short,2025-12-19 19:15:00,2025-12-19 19:15:00,1.17136,1.17183,signal,-391.18019668316566,-0.8517799352752007,0
5m+30m,short,2025-12-19 19:25:00,2025-12-19 19:35:00,1.1716900000000001,1.1718,signal,-93.8716596506181,-0.2061579651937811,2
5m+30m,long,2025-12-23 19:40:00,2025-12-23 19:45:00,1.1774799999999999,1.17709,signal,-362.7226380551075,-0.7982456140349202,1
5m+30m,short,2025-12-30 11:15:00,2025-12-30 11:15:00,1.17677,1.1769699999999998,signal,-163.07017745028705,-0.36175710594279026,0
5m+30m,long,2026-01-08 13:45:00,2026-01-08 14:00:00,1.16785,1.1675446428571428,sl,-449.1418601778134,-1.0,3
5m+30m,short,2026-01-15 07:55:00,2026-01-15 08:00:00,1.16357,1.16378,signal,-466.0507302083637,-1.0481283422467242,1
5m+30m,short,2026-01-15 08:30:00,2026-01-15 09:00:00,1.16343,1.16351,signal,-128.83365395748496,-0.29281045751666923,6
5m+30m,long,2026-01-21 01:40:00,2026-01-21 02:00:00,1.17254,1.1722860714285712,sl,-438.7015977343767,-1.0,4
5m+30m,long,2026-01-29 21:25:00,2026-01-29 21:30:00,1.19604,1.1953060714285715,sl,-434.31458175703295,-1.0,1
5m+30m,long,2026-02-04 05:55:00,2026-02-04 06:40:00,1.18274,1.1828100000000001,signal,80.26133470896785,0.18666666666729037,9
5m+30m,long,2026-02-12 12:40:00,2026-02-12 12:40:00,1.1881,1.18783,signal,-218.86100891168704,-0.5080645161289649,0
5m+30m,long,2026-02-17 22:35:00,2026-02-17 22:40:00,1.18505,1.18477,signal,-311.1212817876455,-0.7259259259256402,1
5m+30m,long,2026-02-20 13:40:00,2026-02-20 14:05:00,1.17665,1.17655,signal,-83.95544988460513,-0.19732205778713793,5
5m+30m,short,2026-02-24 18:00:00,2026-02-24 18:00:00,1.17721,1.1777,signal,-256.87776447099253,-0.6049382716048063,0
5m+30m,long,2026-03-27 05:35:00,2026-03-27 06:05:00,1.15374,1.15377,signal,31.94012172593585,0.07567567567559999,6
5m+30m,long,2026-03-30 08:55:00,2026-03-30 09:15:00,1.1516899999999999,1.151260357142857,sl,-422.38529545326236,-1.0,4
5m+30m,long,2026-04-03 12:20:00,2026-04-03 12:30:00,1.1544999999999999,1.15426,signal,-300.2184715373786,-0.7179487179483092,2
5m+30m,long,2026-04-06 07:35:00,2026-04-06 08:15:00,1.15227,1.1528342857142855,tp,691.9320963052303,1.6666666666657923,8
5m+30m,short,2026-04-07 01:00:00,2026-04-07 01:00:00,1.15422,1.154655,sl,-422.07857874640825,-1.0,0
5m+30m,long,2026-04-15 03:30:00,2026-04-15 03:30:00,1.17949,1.17928,signal,-204.23971925157608,-0.4887780548624189,0
5m+30m,short,2026-04-17 06:25:00,2026-04-17 06:35:00,1.1775900000000001,1.17787,signal,-382.6282515032419,-0.9201877934268977,2
5m+30m,long,2026-04-17 08:30:00,2026-04-17 08:30:00,1.17844,1.1781035714285713,sl,-411.989113251396,-1.0,0
5m+30m,long,2026-04-24 12:55:00,2026-04-24 13:00:00,1.16878,1.1685,signal,-199.98090690496798,-0.49030644152570885,1
5m+30m,short,2026-04-27 02:30:00,2026-04-27 03:00:00,1.17058,1.17085,sl,-405.86941304983236,-1.0,6
5m+30m,short,2026-05-11 14:10:00,2026-05-11 14:15:00,1.1770500000000002,1.17725,signal,-184.28665241161016,-0.45864045863994696,1
5m+30m,long,2026-05-18 08:40:00,2026-05-18 09:15:00,1.1622299999999999,1.1628835714285712,tp,666.6130873251368,1.6666666666661005,7
5m+30m,long,2026-05-20 15:35:00,2026-05-20 15:35:00,1.16017,1.15987,signal,-227.2605096110907,-0.5588822355288686,0
5m+30m,long,2026-05-22 21:55:00,2026-05-22 22:00:00,1.16143,1.161042142857143,sl,-404.3613781723584,-1.0,1
5m+30m,long,2026-05-25 22:40:00,2026-05-25 22:45:00,1.16438,1.164262142857143,sl,-400.31776439063475,-1.0,1
15m+1h,long,2021-01-25 10:30:00,2021-01-25 10:30:00,1.21774,1.2173,signal,-543.9293598234038,-0.5439293598234038,0
15m+1h,long,2021-03-17 16:30:00,2021-03-17 16:45:00,1.19133,1.19073,signal,-505.402899804823,-0.5081669691469378,1
15m+1h,short,2021-04-30 06:15:00,2021-04-30 07:30:00,1.21202,1.2119199999999999,signal,190.02871719722157,0.19204389574795158,5
15m+1h,long,2021-05-10 19:15:00,2021-05-10 19:30:00,1.21674,1.21591,signal,-513.3756206937987,-0.5178253119429288,1
15m+1h,short,2021-07-02 09:00:00,2021-07-02 10:00:00,1.18409,1.1834525,tp,1643.7886806149684,1.6666666666670538,4
15m+1h,long,2021-08-05 18:15:00,2021-08-05 18:15:00,1.1840899999999999,1.18424,signal,113.94444263358439,0.11363636363643627,0
15m+1h,long,2021-10-27 19:15:00,2021-10-27 21:15:00,1.16014,1.1610800000000001,signal,694.5674606284684,0.6919032597266657,8
15m+1h,long,2021-12-06 00:00:00,2021-12-06 00:00:00,1.13001,1.13023,signal,291.9130182616964,0.28879512423833137,0
15m+1h,short,2022-01-10 13:45:00,2022-01-10 15:30:00,1.13281,1.1308421428571431,tp,1689.5255739836923,1.666666666666792,7
15m+1h,short,2022-05-20 14:15:00,2022-05-20 16:00:00,1.05806,1.05684,signal,834.0596564899328,0.8092868988391396,7
15m+1h,long,2022-08-01 08:30:00,2022-08-01 08:30:00,1.02246,1.02204,signal,-531.682596741782,-0.5117493472582518,0
15m+1h,short,2022-08-17 14:15:00,2022-08-17 15:30:00,1.01668,1.01606,signal,438.1902973341025,0.42393162393169087,5
15m+1h,short,2022-08-25 00:00:00,2022-08-25 00:45:00,0.99634,0.9968499999999999,signal,-533.0051200447388,-0.5134843581444408,3
15m+1h,short,2022-08-30 16:30:00,2022-08-30 16:30:00,1.0029000000000001,1.00275,signal,73.98980099802314,0.07164790174006411,0
15m+1h,long,2022-10-24 22:00:00,2022-10-24 23:00:00,0.9875999999999999,0.9872700000000001,signal,-311.44348837282877,-0.30136986301355556,4
15m+1h,long,2022-12-21 13:00:00,2022-12-21 13:00:00,1.0619399999999999,1.06133,signal,-388.21362432156087,-0.3767924112065773,0
15m+1h,short,2023-01-10 17:30:00,2023-01-10 18:45:00,1.07326,1.07371,signal,-243.9730677650747,-0.237691001697718,5
15m+1h,long,2023-01-10 21:15:00,2023-01-10 22:15:00,1.07418,1.07393,signal,-203.1725830764162,-0.19841269841258233,4
15m+1h,short,2023-01-20 18:45:00,2023-01-20 18:45:00,1.08311,1.0831199999999999,signal,-5.15025676746769,-0.005039596832174388,0
15m+1h,short,2023-01-24 16:45:00,2023-01-24 17:30:00,1.0854700000000002,1.08669,signal,-755.1012140361798,-0.7389141250269391,3
15m+1h,long,2023-01-30 04:30:00,2023-01-30 05:00:00,1.08701,1.08658,signal,-573.3728244661454,-0.5652582159623945,2
15m+1h,short,2023-02-08 20:30:00,2023-02-08 20:45:00,1.07285,1.0734599999999999,signal,-449.68053241100847,-0.4458365961888108,1
15m+1h,long,2023-02-15 01:30:00,2023-02-15 02:00:00,1.07368,1.07328,signal,-765.0476530269302,-0.7619047619045203,2
15m+1h,short,2023-02-21 02:00:00,2023-02-21 03:00:00,1.06817,1.0674396428571429,tp,1660.790946780162,1.6666666666670045,4
15m+1h,short,2023-03-10 13:00:00,2023-03-10 13:00:00,1.05872,1.05959,signal,-470.87748812757485,-0.46479679450480194,0
15m+1h,long,2023-06-08 02:00:00,2023-06-08 02:15:00,1.06995,1.06969,signal,-529.6508337171813,-0.5252525252522353,1
15m+1h,long,2023-12-04 15:30:00,2023-12-04 15:30:00,1.08713,1.08613,signal,-851.0958012387522,-0.8484848484847228,0
15m+1h,short,2024-01-12 08:00:00,2024-01-12 08:00:00,1.09749,1.09782,signal,-644.8976858564872,-0.6484210526314393,0
15m+1h,short,2024-01-15 20:45:00,2024-01-15 20:45:00,1.09493,1.09534,signal,-584.4196877095937,-0.5914477073673222,0
15m+1h,long,2024-03-15 16:45:00,2024-03-15 17:15:00,1.08887,1.08866,signal,-216.078024987233,-0.21997755331095661,2
15m+1h,short,2024-03-29 22:45:00,2024-03-29 22:45:00,1.079,1.0793975,sl,-980.1122823193286,-1.0,0
15m+1h,long,2024-07-03 06:00:00,2024-07-03 06:15:00,1.07443,1.0743500000000001,signal,-183.88299469265036,-0.18950930626020773,1
15m+1h,long,2024-09-02 14:45:00,2024-09-02 14:45:00,1.10646,1.10589,signal,-686.9697057601637,-0.709333333333256,0
15m+1h,long,2024-10-28 16:00:00,2024-10-28 17:15:00,1.08208,1.08179,signal,-349.8303483794076,-0.36379928315396015,5
15m+1h,short,2025-03-21 12:30:00,2025-03-21 12:45:00,1.08278,1.08377,signal,-704.8474522317388,-0.7356687898087879,1
15m+1h,short,2025-12-08 16:30:00,2025-12-08 17:00:00,1.1650800000000001,1.1637425000000001,tp,1585.0930908095104,1.6666666666670356,2
15m+1h,short,2026-01-15 01:30:00,2026-01-15 02:45:00,1.16441,1.1635921428571427,tp,1611.5113089896095,1.6666666666669683,5
15m+1h,short,2026-02-03 17:00:00,2026-02-03 17:15:00,1.17903,1.1802171428571429,sl,-983.0218984834868,-1.0,1
15m+1h,long,2026-02-20 17:00:00,2026-02-20 17:00:00,1.17683,1.1755282142857144,sl,-973.191679498652,-1.0,0
15m+1h,long,2026-03-04 17:30:00,2026-03-04 19:00:00,1.16391,1.16336,signal,-268.6453077247567,-0.2788339670469299,6
15m+1h,long,2026-04-13 09:00:00,2026-04-13 09:30:00,1.16883,1.1683157142857143,sl,-960.7733096264178,-1.0,2
30m+4h,long,2021-01-27 08:00:00,2021-01-27 09:00:00,1.2163599999999999,1.2156500000000001,signal,-883.5555555552313,-0.8835555555552314,2
30m+4h,short,2021-03-16 00:30:00,2021-03-16 02:00:00,1.19265,1.19291,signal,-197.96096448704492,-0.1997256515774261,3
30m+4h,short,2021-05-27 16:00:00,2021-05-27 17:00:00,1.21855,1.2204871428571429,sl,-989.1848347995773,-1.0,2
30m+4h,short,2021-05-27 19:30:00,2021-05-27 20:30:00,1.21866,1.22021,signal,-814.201448505717,-0.8314176245210687,2
30m+4h,short,2021-07-19 19:00:00,2021-07-19 22:30:00,1.18051,1.1798199999999999,signal,353.7450373000807,0.36425339366521725,7
30m+4h,long,2021-07-22 14:00:00,2021-07-22 14:00:00,1.1792099999999999,1.1794900000000001,signal,234.1163367386638,0.24019607843162746,0
30m+4h,long,2021-08-12 16:00:00,2021-08-12 16:00:00,1.17404,1.1729385714285714,sl,-977.0295857069116,-1.0,0
30m+4h,short,2021-09-15 16:00:00,2021-09-15 18:00:00,1.18109,1.1816799999999998,signal,-401.99052750478563,-0.41559748427662113,4
30m+4h,short,2021-09-17 01:30:00,2021-09-17 04:00:00,1.17646,1.17672,signal,-286.4535424715445,-0.2973856209149862,5
30m+4h,short,2021-11-05 00:00:00,2021-11-05 01:30:00,1.15531,1.15554,signal,-206.36683445195018,-0.21488154821482722,3
30m+4h,short,2021-11-05 02:30:00,2021-11-05 06:00:00,1.15507,1.1551799999999999,signal,-162.6225034091856,-0.1696969696967164,7
30m+4h,short,2021-12-02 11:30:00,2021-12-02 11:30:00,1.13182,1.1324999999999998,signal,-571.1910178075989,-0.5970523675131822,0
30m+4h,short,2021-12-03 15:00:00,2021-12-03 15:30:00,1.1296000000000002,1.1311289285714288,sl,-950.9730455933919,-1.0,1
30m+4h,long,2021-12-08 15:00:00,2021-12-08 17:00:00,1.12916,1.131952857142857,tp,1569.1055252290967,1.6666666666666667,4
30m+4h,short,2021-12-10 09:30:00,2021-12-10 12:00:00,1.12896,1.1276367857142857,tp,1595.2572839830932,1.666666666666853,5
30m+4h,long,2021-12-28 12:00:00,2021-12-28 14:30:00,1.13309,1.1327500000000001,signal,-357.8207068188701,-0.3677095403628739,5
30m+4h,short,2021-12-30 17:30:00,2021-12-30 18:00:00,1.13213,1.13259,signal,-205.25197438783397,-0.2117028270873933,1
30m+4h,short,2021-12-30 19:00:00,2021-12-30 21:30:00,1.13161,1.1328,signal,-480.13564985154187,-0.4962764372952193,5
30m+4h,short,2022-03-02 04:30:00,2022-03-02 06:30:00,1.11162,1.11236,signal,-409.41344617246136,-0.42528735632185377,4
30m+4h,short,2022-08-08 09:30:00,2022-08-08 10:00:00,1.01793,1.01898,sl,-958.5807254572729,-1.0,1
30m+4h,short,2022-10-07 08:00:00,2022-10-07 09:30:00,0.97911,0.9769135714285714,tp,1581.6581970045536,1.666666666666723,3
30m+4h,short,2022-10-07 14:00:00,2022-10-07 15:30:00,0.9796100000000001,0.9759564285714287,tp,1608.0191669545436,1.666666666666633,3
30m+4h,short,2022-10-20 01:30:00,2022-10-20 06:30:00,0.9771700000000001,0.97622,signal,633.9095967689184,0.6462585034014531,10
30m+4h,long,2022-10-24 15:00:00,2022-10-24 16:30:00,0.9835999999999999,0.9882696428571428,tp,1645.3846463499935,1.6666666666666932,3
30m+4h,long,2022-12-26 19:30:00,2022-12-26 21:30:00,1.06276,1.0625900000000001,signal,-210.37159221199917,-0.20959929546423434,4
30m+4h,short,2022-12-28 06:00:00,2022-12-28 06:30:00,1.06368,1.06423,signal,-551.6575873609706,-0.5507868383405503,1
30m+4h,long,2023-04-21 00:00:00,2023-04-21 02:00:00,1.09704,1.0966500000000001,signal,-296.94301446500884,-0.29811629811619494,4
30m+4h,long,2023-04-24 11:00:00,2023-04-24 11:30:00,1.09873,1.1005764285714286,tp,1655.1581872219006,1.6666666666667336,1
30m+4h,long,2023-09-29 04:30:00,2023-09-29 07:30:00,1.05707,1.05796,signal,1006.8183527650755,0.9971988795519267,6
30m+4h,long,2023-09-29 19:30:00,2023-09-29 20:00:00,1.0586,1.0565203571428572,sl,-1019.7146777329701,-1.0,1
30m+4h,short,2023-10-02 12:00:00,2023-10-02 12:30:00,1.05613,1.0541782142857143,tp,1682.529218259528,1.666666666666793,1
30m+4h,long,2023-10-20 11:30:00,2023-10-20 13:30:00,1.05876,1.0584500000000001,signal,-308.36468344877454,-0.30044998269281187,4
30m+4h,short,2023-10-25 10:00:00,2023-10-25 12:00:00,1.05918,1.0577960714285715,tp,1705.4319605061553,1.6666666666665775,4
30m+4h,long,2023-12-13 14:30:00,2023-12-13 16:00:00,1.07894,1.0808453571428571,tp,1733.8558265144804,1.6666666666664725,3
30m+4h,long,2024-04-03 13:00:00,2024-04-03 14:00:00,1.07684,1.078084642857143,tp,1762.7534236231525,1.6666666666665675,2
30m+4h,long,2024-06-13 10:30:00,2024-06-13 12:30:00,1.08093,1.080215357142857,sl,-1075.279588410186,-1.0,4
30m+4h,short,2024-06-14 07:30:00,2024-06-14 09:00:00,1.0737400000000001,1.0728739285714288,tp,1774.211320876807,1.6666666666666667,3
30m+4h,long,2024-06-19 09:30:00,2024-06-19 09:30:00,1.07401,1.0735449999999997,sl,-1082.2689057348523,-1.0,0
30m+4h,long,2024-06-25 03:30:00,2024-06-25 03:30:00,1.0733599999999999,1.07335,signal,-19.305337237127414,-0.018018018017733277,0
30m+4h,short,2024-07-19 20:00:00,2024-07-19 23:30:00,1.08844,1.08845,signal,-10.999299073001657,-0.010267693435849998,7
30m+4h,long,2024-09-25 15:00:00,2024-09-25 17:00:00,1.11964,1.1184175,sl,-1071.1431703144026,-1.0,4
30m+4h,short,2024-09-26 11:00:00,2024-09-26 12:00:00,1.11338,1.1143935714285715,sl,-1060.4317386112587,-1.0,2
30m+4h,short,2024-10-01 10:00:00,2024-10-01 10:00:00,1.11337,1.1119164285714285,tp,1749.7123687088442,1.6666666666669212,0
30m+4h,short,2024-12-17 18:30:00,2024-12-17 19:00:00,1.0498,1.051215357142857,sl,-1067.3245449122346,-1.0,1
30m+4h,short,2024-12-17 20:00:00,2024-12-17 20:00:00,1.04987,1.0499399999999999,signal,-48.07420025398358,-0.045496750231992546,0
30m+4h,long,2025-01-07 07:30:00,2025-01-07 09:00:00,1.03959,1.0413275000000002,tp,1760.2842624343625,1.6666666666667376,3
30m+4h,long,2025-01-15 10:00:00,2025-01-15 10:30:00,1.03057,1.029667857142857,sl,-1073.7734000849161,-1.0,1
30m+4h,long,2025-01-15 11:30:00,2025-01-15 12:00:00,1.03059,1.0305,signal,-81.54794150774332,-0.07671232876705225,1
30m+4h,long,2025-02-05 04:30:00,2025-02-05 05:30:00,1.03837,1.03787,signal,-465.88604678453567,-0.4385964912279677,2
30m+4h,long,2025-02-05 06:30:00,2025-02-05 06:30:00,1.0378699999999998,1.0377800000000001,signal,-89.91412085081753,-0.08502024291470375,0
30m+4h,long,2025-02-26 10:30:00,2025-02-26 10:30:00,1.05097,1.0498160714285714,sl,-1056.662184992636,-1.0,0
30m+4h,long,2025-03-28 09:30:00,2025-03-28 09:30:00,1.0799699999999999,1.0790228571428568,sl,-1046.0955631427096,-1.0,0
30m+4h,short,2025-04-30 04:00:00,2025-04-30 04:30:00,1.1381400000000002,1.135672142857143,tp,1726.0576791854712,1.6666666666666667,1
30m+4h,long,2025-04-30 07:30:00,2025-04-30 11:00:00,1.13738,1.13643,signal,-594.6287028123533,-0.5647558386411564,7
30m+4h,short,2025-05-28 18:00:00,2025-05-28 21:00:00,1.13012,1.12861,signal,790.7288205928495,0.7552697391925711,6
30m+4h,short,2025-06-09 04:00:00,2025-06-09 04:00:00,1.13928,1.1403117857142857,sl,-1054.8561854809423,-1.0,0
30m+4h,short,2025-07-11 03:30:00,2025-07-11 06:00:00,1.16762,1.16821,signal,-563.2374124158881,-0.5393405158339912,5
30m+4h,long,2025-08-25 09:30:00,2025-08-25 10:30:00,1.1718899999999999,1.1709321428571426,sl,-1038.6752495019741,-1.0,2
30m+4h,short,2025-08-26 10:00:00,2025-08-26 12:00:00,1.16211,1.1635199999999999,signal,-702.2458028340283,-0.6829268292683032,4
30m+4h,short,2025-09-19 03:30:00,2025-09-19 03:30:00,1.1777900000000001,1.1787189285714288,sl,-1021.266038978614,-1.0,0
30m+4h,long,2025-09-23 12:00:00,2025-09-23 14:00:00,1.18035,1.17927,signal,-702.8564176672215,-0.6951724137930577,4
30m+4h,long,2025-09-23 19:00:00,2025-09-24 00:00:00,1.17986,1.18097,signal,688.3982182204979,0.6856386499008462,10
30m+4h,short,2025-10-03 06:30:00,2025-10-03 06:30:00,1.17194,1.17271,signal,-836.0258402213489,-0.8270042194091368,0
30m+4h,long,2026-03-10 07:30:00,2026-03-10 09:00:00,1.16191,1.1644064285714286,tp,1670.9142303201954,1.6666666666666172,3
30m+4h,short,2026-03-26 11:30:00,2026-03-26 11:30:00,1.15569,1.15602,signal,-238.5496699031019,-0.2340425531914257,0
30m+4h,short,2026-04-20 15:30:00,2026-04-20 15:30:00,1.17574,1.17656,signal,-562.7231945038543,-0.5533863581586269,0
1h+1d,long,2021-02-11 15:00:00,2021-02-11 18:00:00,1.21356,1.2125357142857143,sl,-1000.0,-1.0,3
1h+1d,long,2021-02-12 08:00:00,2021-02-12 08:00:00,1.21319,1.2124700000000002,signal,-665.9459459457597,-0.6726726726724845,0
1h+1d,long,2021-02-24 21:00:00,2021-02-25 03:00:00,1.2145299999999999,1.21568,signal,484.1523762295191,0.49235474006124114,6
1h+1d,long,2021-04-08 06:00:00,2021-04-08 12:00:00,1.18705,1.18641,signal,-375.0153026748277,-0.3795002117746399,6
1h+1d,short,2021-06-07 16:00:00,2021-06-07 16:00:00,1.21627,1.2178814285714286,sl,-984.4319112760893,-1.0,0
1h+1d,long,2021-08-17 12:00:00,2021-08-17 12:00:00,1.17781,1.1768242857142857,sl,-974.5875921633285,-1.0,0
1h+1d,short,2021-10-28 01:00:00,2021-10-28 04:00:00,1.15997,1.16048,signal,-272.5606272587902,-0.2824925816023829,3
1h+1d,long,2021-12-27 02:00:00,2021-12-27 04:00:00,1.13232,1.13185,signal,-242.2779947798163,-0.25181783390738116,2
1h+1d,short,2022-01-25 04:00:00,2022-01-25 11:00:00,1.13161,1.1285171428571428,tp,1599.488883368887,1.6666666666667065,7
1h+1d,long,2022-02-07 14:00:00,2022-02-07 16:00:00,1.14436,1.1424260714285714,sl,-975.6882188549981,-1.0,2
1h+1d,long,2022-02-08 00:00:00,2022-02-08 02:00:00,1.14417,1.1442,signal,10.303267591175889,0.010666666666736142,2
1h+1d,short,2022-02-16 15:00:00,2022-02-16 19:00:00,1.1365100000000001,1.1382253571428573,sl,-966.0343693423602,-1.0,4
1h+1d,short,2022-04-06 17:00:00,2022-04-06 17:00:00,1.09128,1.09202,signal,-292.7906296017236,-0.3061465721039987,0
1h+1d,short,2022-04-11 06:00:00,2022-04-11 07:00:00,1.08761,1.08862,signal,-371.39746908126983,-0.3895316804407661,1
1h+1d,short,2022-04-11 23:00:00,2022-04-11 23:00:00,1.08832,1.08835,signal,-9.723034753387996,-0.010237659963428146,0
1h+1d,long,2022-05-26 04:00:00,2022-05-26 07:00:00,1.0704799999999999,1.06821,signal,-752.4157959839239,-0.7923211169283961,3
1h+1d,long,2023-01-11 07:00:00,2023-01-11 10:00:00,1.07393,1.07292,signal,-516.3351199556014,-0.5480620155038178,3
1h+1d,short,2023-02-08 01:00:00,2023-02-08 01:00:00,1.0728900000000001,1.07307,signal,-41.23845010896929,-0.04401362326430626,0
1h+1d,long,2023-03-14 21:00:00,2023-03-15 00:00:00,1.0742399999999999,1.0731300000000001,signal,-289.1953148725387,-0.3087928464976794,3
1h+1d,short,2023-05-16 09:00:00,2023-05-16 10:00:00,1.08707,1.0880171428571428,sl,-933.6430675053622,-1.0,1
1h+1d,short,2023-05-16 16:00:00,2023-05-17 03:00:00,1.0881100000000001,1.08711,signal,543.5955856175631,0.5881117412309143,11
1h+1d,short,2023-07-26 21:00:00,2023-07-26 21:00:00,1.10574,1.1078882142857143,sl,-929.7425926864842,-1.0,0
1h+1d,short,2023-10-27 22:00:00,2023-10-30 08:00:00,1.0566900000000001,1.05657,signal,41.46816519596956,0.04505229283994846,10
1h+1d,short,2023-10-30 10:00:00,2023-10-30 11:00:00,1.0556,1.0568857142857144,sl,-920.8598484115792,-1.0,1
1h+1d,long,2024-02-21 16:00:00,2024-02-22 02:00:00,1.0810499999999998,1.0830125,tp,1519.4187498791055,1.6666666666666667,10
1h+1d,long,2024-02-23 23:00:00,2024-02-23 23:00:00,1.08228,1.08178,signal,-298.29508330955485,-0.3218390804597225,0
1h+1d,long,2024-02-27 21:00:00,2024-02-27 22:00:00,1.08501,1.0843500000000001,signal,-370.50735139407357,-0.4010416666666041,1
1h+1d,short,2024-03-25 10:00:00,2024-03-25 10:00:00,1.0813300000000001,1.0823478571428573,sl,-920.1574130792179,-1.0,0
1h+1d,short,2024-03-26 17:00:00,2024-03-26 22:00:00,1.08405,1.0831,signal,612.8332148716819,0.6727364693980273,5
1h+1d,short,2024-03-29 20:00:00,2024-04-01 00:00:00,1.07874,1.07932,signal,-447.6539506648234,-0.48812744214010145,3
1h+1d,long,2024-09-18 04:00:00,2024-09-18 07:00:00,1.11275,1.1119400000000002,signal,-487.23966771337774,-0.5338983050845362,3
1h+1d,long,2024-09-20 22:00:00,2024-09-23 00:00:00,1.11655,1.1161100000000002,signal,-183.54337919131308,-0.20219924503517978,2
1h+1d,long,2024-09-23 02:00:00,2024-09-23 02:00:00,1.1162699999999999,1.11584,signal,-215.00164804850988,-0.2373349103094528,0
1h+1d,long,2024-09-23 08:00:00,2024-09-23 09:00:00,1.1164,1.1158000000000001,signal,-416.88622685248146,-0.4612850082372081,1
1h+1d,short,2024-10-02 16:00:00,2024-10-02 22:00:00,1.1053,1.10494,signal,190.940739050581,0.21225521162345098,6
1h+1d,short,2024-10-08 16:00:00,2024-10-08 22:00:00,1.09748,1.09782,signal,-216.55785867632747,-0.24022205399948512,6
1h+1d,long,2025-01-21 16:00:00,2025-01-22 01:00:00,1.03789,1.04051,signal,648.9078759347499,0.7215501131110613,9
1h+1d,long,2025-01-23 19:00:00,2025-01-23 23:00:00,1.042,1.04139,signal,-233.56431484448484,-0.2578502415458915,4
1h+1d,long,2025-02-20 09:00:00,2025-02-20 09:00:00,1.04259,1.04311,signal,301.1593955957371,0.3333333333333808,0
1h+1d,short,2025-02-28 20:00:00,2025-02-28 20:00:00,1.03955,1.0364875,tp,1510.8163012384368,1.666666666666707,0
1h+1d,long,2025-05-22 04:00:00,2025-05-22 09:00:00,1.13273,1.1321400000000001,signal,-202.43050167312848,-0.2196516420688216,5
1h+1d,long,2025-06-04 11:00:00,2025-06-04 16:00:00,1.13866,1.1398000000000001,signal,542.064460730236,0.5894736842105903,5
1h+1d,long,2025-07-25 10:00:00,2025-07-25 12:00:00,1.17479,1.17338,signal,-684.2565918399271,-0.7397414277683485,2
1h+1d,long,2025-08-07 23:00:00,2025-08-08 04:00:00,1.16543,1.16561,signal,51.228657764162776,0.055795416805069116,5
1h+1d,long,2025-09-11 16:00:00,2025-09-11 21:00:00,1.17154,1.17346,signal,903.5378129404071,0.9835345773875074,5
1h+1d,long,2025-11-11 10:00:00,2025-11-11 10:00:00,1.1560899999999998,1.15538,signal,-568.6914497943499,-0.613012642614666,0
1h+1d,long,2025-11-11 12:00:00,2025-11-11 15:00:00,1.15651,1.1587296428571427,tp,1536.6874460612667,1.6666666666667778,3
1h+1d,long,2026-01-21 15:00:00,2026-01-21 16:00:00,1.17352,1.1717735714285713,sl,-937.3793420973113,-1.0,1
1h+1d,long,2026-01-23 17:00:00,2026-01-23 18:00:00,1.17469,1.177107857142857,tp,1546.6759144604687,1.6666666666665646,1
