side,threshold,n,n_decided,favor_n,adverse_n,none_n,favor_pct,adverse_pct,favor_given_touch,median_bars_favor,median_bars_adverse,thr_price,symbol,set,ltf
long,5,9761,9761,4518,5243,0,46.286241163815184,53.713758836184816,46.286241163815184,4.0,5.0,0.0005,EURUSD,A_5m_30m_1h,5min
short,5,10365,10365,5076,5289,0,48.97250361794501,51.02749638205499,48.97250361794501,4.0,5.0,0.0005,EURUSD,A_5m_30m_1h,5min
any,5,20126,20126,9594,10532,0,47.66968100963927,52.33031899036073,47.66968100963927,4.0,5.0,0.0005,EURUSD,A_5m_30m_1h,5min
long,10,9761,9751,4656,5095,10,47.70003073455589,52.19752074582522,47.74894882576146,16.0,16.0,0.001,EURUSD,A_5m_30m_1h,5min
short,10,10365,10350,5055,5295,15,48.769898697539794,51.085383502170764,48.84057971014493,16.0,17.0,0.001,EURUSD,A_5m_30m_1h,5min
any,10,20126,20101,9711,10390,25,48.25101858292756,51.62476398688264,48.31102930202478,16.0,17.0,0.001,EURUSD,A_5m_30m_1h,5min
long,20,9761,8968,4354,4614,793,44.606085442065364,47.26974695215654,48.550401427297054,49.0,49.0,0.002,EURUSD,A_5m_30m_1h,5min
short,20,10365,9495,4730,4765,870,45.63434635793536,45.97202122527737,49.81569246972091,50.0,54.0,0.002,EURUSD,A_5m_30m_1h,5min
any,20,20126,18463,9084,9379,1663,45.135645433767266,46.60141111000696,49.20110491252776,50.0,51.0,0.002,EURUSD,A_5m_30m_1h,5min
long,5,3554,3554,1599,1955,0,44.991558806978055,55.008441193021945,44.991558806978055,2.0,2.0,0.0005,EURUSD,B_15m_1h_4h,15min
short,5,3787,3787,1854,1933,0,48.95695801425931,51.04304198574069,48.95695801425931,2.0,2.0,0.0005,EURUSD,B_15m_1h_4h,15min
any,5,7341,7341,3453,3888,0,47.03718839395178,52.96281160604822,47.03718839395178,2.0,2.0,0.0005,EURUSD,B_15m_1h_4h,15min
long,10,3554,3554,1646,1908,0,46.31401238041643,53.68598761958357,46.31401238041643,6.0,6.0,0.001,EURUSD,B_15m_1h_4h,15min
short,10,3787,3785,1846,1939,2,48.74570900448904,51.20147874306839,48.77146631439894,6.0,6.0,0.001,EURUSD,B_15m_1h_4h,15min
any,10,7341,7339,3492,3847,2,47.56845116469146,52.40430459065522,47.58141436162965,6.0,6.0,0.001,EURUSD,B_15m_1h_4h,15min
long,20,3554,3551,1741,1810,3,48.987056837366346,50.92853123241418,49.02844269219938,20.0,20.0,0.002,EURUSD,B_15m_1h_4h,15min
short,20,3787,3778,1855,1923,9,48.98336414048059,50.77898072352786,49.10005293806247,21.0,21.0,0.002,EURUSD,B_15m_1h_4h,15min
any,20,7341,7329,3596,3733,12,48.98515188666394,50.85138264541616,49.06535680174649,20.5,20.0,0.002,EURUSD,B_15m_1h_4h,15min
long,5,1661,1661,701,960,0,42.203491872366044,57.796508127633956,42.203491872366044,1.0,1.0,0.0005,EURUSD,C_30m_4h_1d,30min
short,5,1975,1975,895,1080,0,45.31645569620253,54.68354430379747,45.31645569620253,1.0,1.0,0.0005,EURUSD,C_30m_4h_1d,30min
any,5,3636,3636,1596,2040,0,43.8943894389439,56.1056105610561,43.8943894389439,1.0,1.0,0.0005,EURUSD,C_30m_4h_1d,30min
long,10,1661,1661,782,879,0,47.08007224563516,52.91992775436484,47.08007224563516,3.0,3.0,0.001,EURUSD,C_30m_4h_1d,30min
short,10,1975,1975,983,992,0,49.77215189873418,50.22784810126582,49.77215189873418,3.0,3.0,0.001,EURUSD,C_30m_4h_1d,30min
any,10,3636,3636,1765,1871,0,48.542354235423545,51.457645764576455,48.542354235423545,3.0,3.0,0.001,EURUSD,C_30m_4h_1d,30min
long,20,1661,1661,844,817,0,50.812763395544856,49.187236604455144,50.812763395544856,10.0,9.0,0.002,EURUSD,C_30m_4h_1d,30min
short,20,1975,1975,1002,973,0,50.734177215189874,49.265822784810126,50.734177215189874,10.5,11.0,0.002,EURUSD,C_30m_4h_1d,30min
any,20,3636,3636,1846,1790,0,50.77007700770077,49.22992299229923,50.77007700770077,10.0,10.0,0.002,EURUSD,C_30m_4h_1d,30min
long,5,11571,11557,4053,7504,14,35.027223230490016,64.85178463399879,35.06965475469413,1.0,1.0,5.0,US30,A_5m_30m_1h,5min
short,5,8188,8114,2304,5810,74,28.138739618954567,70.95749877870054,28.395366034015282,1.0,1.0,5.0,US30,A_5m_30m_1h,5min
any,5,19759,19671,6357,13314,88,32.1726808036844,67.38195252796194,32.316608204971786,1.0,1.0,5.0,US30,A_5m_30m_1h,5min
long,10,11571,11557,5197,6360,14,44.91400916083312,54.96499870365569,44.96841740936229,1.0,1.0,10.0,US30,A_5m_30m_1h,5min
short,10,8188,8113,3195,4918,75,39.02051783097215,60.06350757205667,39.38123998520892,1.0,1.0,10.0,US30,A_5m_30m_1h,5min
any,10,19759,19670,8392,11278,89,42.47178500936282,57.07778733741586,42.66395526182003,1.0,1.0,10.0,US30,A_5m_30m_1h,5min
long,20,11571,11557,5706,5851,14,49.3129375162043,50.566070348284505,49.37267456952496,3.0,3.0,20.0,US30,A_5m_30m_1h,5min
short,20,8188,8112,3774,4338,76,46.091841719589645,52.9799706888129,46.523668639053255,2.0,2.0,20.0,US30,A_5m_30m_1h,5min
any,20,19759,19669,9480,10189,90,47.97813654537173,51.5663748165393,48.19767146270782,3.0,2.0,20.0,US30,A_5m_30m_1h,5min
long,5,4374,4374,1142,3232,0,26.108824874256975,73.89117512574303,26.108824874256975,1.0,1.0,5.0,US30,B_15m_1h_4h,15min
short,5,2709,2702,501,2201,7,18.49390919158361,81.24769287559985,18.541820873427092,1.0,1.0,5.0,US30,B_15m_1h_4h,15min
any,5,7083,7076,1643,5433,7,23.196385712268814,76.70478610758153,23.219332956472584,1.0,1.0,5.0,US30,B_15m_1h_4h,15min
long,10,4374,4374,1660,2714,0,37.95153177869227,62.04846822130773,37.95153177869227,1.0,1.0,10.0,US30,B_15m_1h_4h,15min
short,10,2709,2702,807,1895,7,29.789590254706535,69.95201181247693,29.866765358993337,1.0,1.0,10.0,US30,B_15m_1h_4h,15min
any,10,7083,7076,2467,4609,7,34.829874347028095,65.07129747282225,34.86433013001696,1.0,1.0,10.0,US30,B_15m_1h_4h,15min
long,20,4374,4374,2048,2326,0,46.822130772748054,53.177869227251946,46.822130772748054,2.0,1.0,20.0,US30,B_15m_1h_4h,15min
short,20,2709,2702,1150,1552,7,42.45108896271687,57.29051310446659,42.56106587712805,1.0,1.0,20.0,US30,B_15m_1h_4h,15min
any,20,7083,7076,3198,3878,7,45.150360016941974,54.75081180290837,45.19502543810062,1.0,1.0,20.0,US30,B_15m_1h_4h,15min
long,5,2399,2399,445,1954,0,18.549395581492288,81.45060441850771,18.549395581492288,1.0,1.0,5.0,US30,C_30m_4h_1d,30min
short,5,1057,1057,138,919,0,13.055818353831599,86.9441816461684,13.055818353831599,1.0,1.0,5.0,US30,C_30m_4h_1d,30min
any,5,3456,3456,583,2873,0,16.869212962962962,83.13078703703704,16.869212962962962,1.0,1.0,5.0,US30,C_30m_4h_1d,30min
long,10,2399,2399,728,1671,0,30.34597749062109,69.6540225093789,30.34597749062109,1.0,1.0,10.0,US30,C_30m_4h_1d,30min
short,10,1057,1057,216,841,0,20.43519394512772,79.56480605487228,20.43519394512772,1.0,1.0,10.0,US30,C_30m_4h_1d,30min
any,10,3456,3456,944,2512,0,27.314814814814813,72.68518518518519,27.314814814814813,1.0,1.0,10.0,US30,C_30m_4h_1d,30min
long,20,2399,2399,1038,1361,0,43.26802834514381,56.73197165485619,43.26802834514381,1.0,1.0,20.0,US30,C_30m_4h_1d,30min
short,20,1057,1057,345,712,0,32.639545884579,67.360454115421,32.639545884579,1.0,1.0,20.0,US30,C_30m_4h_1d,30min
any,20,3456,3456,1383,2073,0,40.017361111111114,59.982638888888886,40.017361111111114,1.0,1.0,20.0,US30,C_30m_4h_1d,30min
